真切,1
得试,1
后换,1
太厚,1
生存,1
自检,1
横好,1
痛恨,1
良,1
翻身,1
产出,1
诽谤,1
能洗,1
等不及,1
长足,1
实乃,1
反松,1
松掉,1
评评,1
选更,1
靠不住,1
售卖,1
真多,1
怕易,1
破损处,1
嗑,1
无吊,1
瞅,1
压出,1
巨快,1
淫,1
挤能,1
降为,1
亏大,1
甚感,1
应归,1
暗爽,1
没力,1
栽,1
置办,1
剩余,1
低調,1
看官,1
最怕,1
急转,1
注解,1
掌高,1
了凑,1
用换,1
所能,1
付送,1
发财,1
回弹,1
插,1
发跑,1
还选,1
只求,1
要換,1
计,1
跌停,1
促成,1
丢失,1
合腳,1
号订,1
了得,1
紧致,1
看变,1
带防,1
去验,1
出穿,1
脱销,1
没封,1
配衬,1
指前,1
流露,1
购迷,1
轻捷,1
再持,1
取笑,1
拖沓,1
痛感,1
略为,1
拍成,1
要备,1
蛮怪,1
不降,1
蛮,1
新买,1
查点,1
赶时髦,1
抑制,1
自买,1
穿觉,1
回扣,1
着手,1
鲜有,1
上给,1
充填,1
酥适,1
引领,1
踩得,1
取现,1
抵痛,1
归为,1
最爽,1
应放,1
便是,1
贴切,1
没活,1
记不得,1
无知,1
在用,1
淘贵,1
找零,1
构成,1
泛白,1
沒得,1
掏到,1
帮衬,1
挺滑,1
剪断,1
爽爽,1
转过,1
稳扎,1
换够,1
应穿,1
擠,1
实现,1
回过,1
錯,1
逛公园,1
顯腳,1
拍得,1
挺显,1
深切,1
面退,1
取悦,1
走道,1
單薄,1
优评,1
等同,1
呛得,1
不美,1
感謝,1
称出,1
表是,1
决心,1
先寄,1
不白,1
想评,1
所售,1
追加,1
得信,1
留念,1
交待,1
酷爱,1
想跑,1
露背,1
举荐,1
较低,1
新少,1
怕只怕,1
较久,1
感紧,1
震憾,1
报答,1
请加,1
送給,1
顶下,1
不秀,1
前得,1
面摸,1
配对,1
赶上去,1
上难,1
準,1
要看,1
小于,1
妒忌,1
赞助商,1
憋,1
紧缺,1
存疑,1
進去,1
划分,1
妥当,1
回长,1
不枉,1
挺足,1
懷疑,1
好慢,1
借钱,1
不息,1
好否,1
斟酌,1
会撑,1
算要,1
推举,1
坐回,1
追买,1
没顶,1
对手,1
准去,1
下满,1
耍赖,1
显明,1
四射,1
转悠,1
有违,1
适意,1
升上去,1
摔坏,1
增大,1
来比,1
挨,1
诙谐,1
镇,1
踏准,1
印不到,1
狠薄,1
帅爆,1
堵塞,1
出自,1
增持,1
重发,1
转单,1
歪掉,1
烦死,1
憧憬,1
着累,1
夠,1
错换,1
跟吸,1
超支,1
跟去,1
忘错,1
俗,1
吓死,1
抽筋,1
更值,1
推断,1
抢先,1
拿捏,1
堵住,1
特好,1
沿用,1
建档立卡,1
開發,1
所望,1
差现,1
偏听,1
撞牌,1
畅,1
发是,1
敢试,1
可任,1
轻暖,1
愣,1
耐不耐折,1
好生,1
用起,1
嫌累,1
值崩,1
害惨,1
改款,1
优于,1
听不见,1
明艳,1
下会,1
沉沦,1
印到,1
号没,1
迷上,1
带短,1
穿凿,1
勒脚,1
新欢,1
还省,1
例,1
抬高,1
遞員,1
直逼,1
定做,2
填实,2
要磨,2
提不出,2
寂寞,2
记做,2
有同,2
广阔,2
宽慎,2
参与,2
开合,2
驰骋,2
踮,2
批发,2
根用,2
契合,2
交阔,2
能替,2
锋锐,2
滑到,2
喧,2
遍地,2
粘连,2
凑齐,2
请购,2
搭讪,2
选用,2
像布,2
露底,2
玩笑,2
邪,2
平等,2
看满,2
歇,2
真烦,2
算够,2
能传,2
身为,2
回拨,2
搜过,2
搂,2
磨得,2
特轻,2
了不起,2
继往,2
回款,2
走能,2
轻恐,2
打票,2
忽视,2
踩塌,2
免穿,2
保佑,2
下蛋,2
路滑,2
转转,2
退不掉,2
剪掉,2
倍加,2
私买,2
换定,2
直奔,2
选定,2
逍遥,2
看相,2
排行,2
折印,2
了结,2
用上,2
无拘,2
热爱,2
回磨,2
不由,2
伸不,2
着向,2
混血,2
点订,2
提提,2
新出,2
应请,2
搞完,2
交形,2
是乱,2
送炭,2
延续,2
肃穆,2
透网,2
塌掉,2
苦笑,2
特挤,2
很柔,2
可照,2
绑架,2
了血,2
介于,2
抢注,2
显热,2
到账,2
通送,2
分上,2
经穿,2
制动,2
低俗,2
透析,2
举,2
低压,2
翻开,2
搜索,2
恭喜,2
强迫,2
相悖,2
联想,2
易购,2
悠久,2
開心,2
不泌,2
俏,2
无耻,2
赞下,2
好奇,2
会滑,2
碰脚,2
买会,2
好手,2
退出,2
跟带,2
扫,2
买翻,2
防汗,2
显好,2
剃得,2
投拆,2
寄错,2
保養,2
遺憾,2
敢降,2
觉对,2
优得,2
很透,2
可出,2
不头,2
不孝,2
转告,2
放小,2
伟大,2
烦烦,2
说放,2
尝尝,2
搭档,2
怪软,2
买关,2
沾带,2
扣用,2
起紧,2
留汗,2
错糙,2
叠起来,2
造假,2
押,2
粘有,2
翻版,2
观赏,2
艰苦,2
别拍,2
媲美,2
位处,2
尽孝,2
龌龊,2
评给,2
凶猛,2
过像,2
开工,3
抵得,3
上定,3
吃螃蟹,3
遠,3
凑足,3
合照,3
无异,3
脱底,3
分钱,3
上劲,3
寄给,3
固锐,3
抵仿,3
号能,3
挺严,3
新购,3
咯到,3
写明,3
搞起,3
笨笨,3
逮,3
卡着,3
占优势,3
评错,3
摆到,3
解进,3
带鞋,3
改过,3
做主,3
折白,3
漏出去,3
略乱,3
独有,3
展览,3
难测,3
嚷,3
号送,3
真瘦,3
穿覺,3
实拍,3
近视,3
举手,3
返销,3
要刷,3
来得早,3
恐吓,3
馋,3
出不,3
出仓,3
玩弄,3
最强,3
开着,3
撞大运,3
用够,3
多大,3
跨跨,3
混搭,3
嵌,3
办足,3
赖障,3
狠值,3
顺道,3
呼叫,3
试买,3
能待,3
献给,3
不胖,3
弄懂,3
送能,3
拍下来,3
识别,3
长好,3
不负,3
晴朗,3
祛除,3
摆下去,3
多付,3
游,3
撑不住,3
要脱,3
下车,3
打油,3
淤,3
象,3
不误,3
见长,3
并不大,3
没网,3
每隔,3
倍增,3
比布,3
做送,3
精通,3
罩,3
夾,3
看请,3
富贵,3
定错,3
难证,3
起买,3
蹊跷,3
氧化,3
号够,3
折下来,3
心慌,3
显着,3
俏皮,3
不结,3
了近,3
了进,3
发好,3
面撑,3
能查,3
歇歇,3
帶,3
特硬,3
没透,3
粘上,3
遭,3
退却,3
压过,3
特累,3
加高,3
相接,3
感慨,3
咋办,3
不择,3
推优,3
可护,3
改买,3
帮有,3
略滑,3
报到,3
使劲,3
买为,3
绑下,3
透土,3
穿介,3
脚踏,3
酷哦,3
比穿,3
交给,3
来写,3
不入,3
潮爆,3
可小,3
下到,3
造不,3
帮得,3
偷去,3
缺小,3
变薄,3
超恶,3
偷工,3
比看,3
所编,3
划不来,3
寒冷,3
招聘,3
喷上去,3
波值,3
要防,3
完立,3
失踪,3
禁穿,3
赚大,3
好玩,3
乖巧,3
遛早,3
穿待,3
俏丽,3
谢穿,3
偏到,3
见得,3
熟知,3
增,3
关不关,3
拿放,3
购更,3
搭边,3
摔跟头,3
斩,3
缩小,3
侧漏,3
问到,3
抢够,3
整得,3
赚取,3
要能,3
放血,3
搞掂,3
等坏,3
枉费,3
穿取,3
直送,3
看会,4
上好,4
划花,4
有出,4
挺巧,4
连,4
光顧,4
供养,4
太单,4
挺实,4
超超,4
竞走,4
概括,4
惹眼,4
置于,4
强列,4
飞奔,4
售前,4
要白,4
烫伤,4
疏松,4
顾虑,4
追风,4
变换,4
单错,4
从化,4
拍卖,4
吸水,4
緊,4
没印,4
借助,4
較窄,4
粘结,4
折坏,4
无伏,4
想当,4
返款,4
守,4
无乱,4
肥胖,4
以防,4
赞赏,4
腻,4
充斥,4
陪送,4
繼續,4
自看,4
磨擦,4
訂,4
要有,4
有买,4
一理,4
精仿,4
愿去,4
破裂,4
配不上,4
坚守,4
做烂,4
引用,4
时订,4
了点穿,4
未获,4
截口,4
标出,4
弄得好,4
晃眼,4
赶回,4
收纳,4
挺直,4
很蛮,4
偏貴,4
要入,4
转送,4
友好,4
并等,4
提议,4
擴大,4
乱飞,4
很色,4
安好,4
有别于,4
揍,4
混穿,4
拉倒,4
保住,4
反弹,4
找读,4
擔心,4
运行,4
连体,4
调包,4
毕,4
出发,4
转身,4
白生,4
被滑,4
包缚,4
抖擞,4
饱教,4
寬,4
无损,4
痛心,4
求租,4
打泡,4
夸夸,4
退貨,4
展露,4
继线,4
抵挡,4
积,4
没绒,4
潜能,4
再换,4
点过,4
更美,4
很够,4
简写,4
制,4
下看,4
畅通,4
抢拍,4
买正,4
泛,4
淘查,4
相爱,4
抽出,4
肮,4
拿回,4
热要,4
显笨,4
剪下来,4
挺顺,4
完假,4
着到,4
設計,4
管能,4
震感,4
误认为,4
不网,4
着开,4
发布,4
尚有,4
可看,4
诚展,4
烦人,4
漲價,4
合同,4
查验,4
分儿,4
缺欠,4
逆袭,4
偏白,4
来撑,4
很素,4
极薄,4
挺赞,4
蛮重,4
来有,4
掌宽,4
偏爱,4
强过,4
留为,4
累不累,4
留住,4
抢着,4
凑够,4
还念,4
稍低,4
正装,4
垫充,4
回避,4
遮住,4
锐利,4
显摆,4
以图,4
谢假,4
编制,4
紅,4
烘干,4
残,4
烈,4
买爱,4
施,4
寬度,4
可敬,4
过热,4
保湿,4
谨记,4
顶替,4
應該,4
说略,4
直说,4
浇口,4
捡钱,4
落价,4
已成,4
宽胖,4
蔓延,4
設,4
促銷,4
帮变,4
夹起,4
松脱,4
看样,4
掰掰,4
不多,4
乱字,4
得救,4
想不出,4
跟会,4
买并,4
体有,4
要试,4
要订,4
隨著,4
预大,4
适了,4
携,4
展如,4
互穿,4
带给,4
烘烤,4
好配,4
考慮,4
走多,4
提别,4
缩减,4
购有,4
要费,4
质变,4
鼓起,4
很和,4
提心,4
增偿,4
滤到,4
重买,4
推托,4
折服,4
便巧,4
遇湿,4
介紹,4
着款,4
退伍,4
变淡,5
有卖,5
欺瞒,5
区买,5
锁紧,5
不太值,5
驗證,5
脱货,5
包买,5
包上,5
有味,5
挺土,5
纤,5
自找,5
角度看,5
平凡,5
了了,5
透出来,5
疑虑,5
所穿,5
好过,5
留钱,5
醒来,5
挂毛,5
精张,5
降临,5
防骗,5
能磨,5
吵架,5
补全,5
博,5
闭气,5
应降,5
聊成,5
配貨,5
看多,5
遭罪,5
点头,5
批价,5
哼哼,5
回弯,5
发起,5
提点取,5
乐于,5
喝茶,5
前订,5
招狠,5
盯到,5
光華,5
倒退,5
升,5
改行,5
没定,5
微,5
嫁,5
得道,5
包卖,5
装错,5
超长,5
能看,5
试想,5
加包,5
说到,5
发窄,5
試腳,5
仿造,5
看漏,5
买迟,5
下长,5
爆开,5
发不,5
不耐滑,5
变下,5
访价,5
码购,5
只入,5
不配,5
穿行,5
放入,5
轰,5
要卖,5
蛮横,5
看一看,5
打结,5
暧昧,5
放开,5
加推,5
邪恶,5
包是,5
备穿,5
适足,5
接得,5
保上,5
强化,5
整错,5
同布,5
挺气,5
干后,5
选好,5
宽心,5
搪塞,5
无憾,5
折出,5
无悔,5
看不起,5
收手,5
能免,5
可敌,5
写作,5
只付,5
怕凉,5
变凉,5
化算,5
夸大,5
退费,5
折合,5
够力,5
攒,5
滑手,5
选发,5
不痛,5
添,5
收集,5
挣钱,5
发上去,5
感知,5
喷出,5
号召,5
扔到,5
摔交,5
推廣,5
盖住,5
追值,5
再生,5
包还,5
打造,5
调来,5
性急,5
悬挂,5
包能,5
叫换,5
虚虚,5
布应,5
祝愿,5
遇大,5
剪齐,5
瘦行,5
炒股,5
拉练,5
说完,5
倔,5
填错,5
漲到,5
新婚,5
无限,5
显活,5
掰开,5
砍价,5
远动,5
堆压,5
回历,5
抢爆,5
防寒,5
确害,5
绕,5
容忍,5
略带,5
抵补,5
撕坏,5
购不去,5
难除,5
得刷,5
倒像,5
赞了,5
帮换,5
抢空,5
增强,5
灌进去,5
挺艳,5
買比,5
跟高,5
回馈,5
俱佳,5
太远,5
购不,5
漏出,5
深评,5
鼓起来,5
適用,5
自诩,5
写错,5
过买,5
度过,5
可并,5
特磨,5
贱,5
款订,5
已换,5
不单,5
动批,5
能调,5
较怪,5
稍热,5
包没货,5
知买,5
立,5
帮到,5
装扮,5
散开,5
要重,5
迎合,5
下塌,5
象征,5
昂快,5
显出,5
跟加,5
复兴,5
起不来,5
完穿,5
輕巧,5
严查,5
估什会,5
買大,5
最薄,5
洗到,5
痒痒,5
贴进,5
面对,5
扔掉,5
后退,5
够不够,5
扫货,5
紧实,5
确属,5
烧烧,5
买场,5
力强,5
得爱,5
猜猜,5
换种,5
入购,5
不乏,5
竖,5
展现出,5
拉低,5
得益,5
扯皮,5
屬,5
客好,5
做做,6
纺布,6
真偽,6
前量,6
中评,6
冲散,6
磨红,6
弄反,6
想信,6
夸过,6
稳当,6
给送,6
审批,6
上加,6
渗到,6
挺哀,6
从事,6
出比,6
挺别,6
来头,6
笨拙,6
滑出,6
怕怕,6
推销,6
定开,6
起落,6
让价,6
碰伤,6
抵住,6
撤,6
懒得动,6
变红,6
磨毁,6
稱,6
开仓,6
嘬,6
推货,6
先进,6
上为,6
實在,6
黃,6
简装,6
想去,6
夺目,6
成见,6
願,6
招眼,6
购谢,6
购达,6
最合,6
蒙骗,6
慎购,6
很贴,6
共计,6
分清,6
浓厚,6
放倒,6
活能,6
轻够,6
微版,6
没摊,6
唬人,6
报错,6
释放,6
抬起,6
白跑一趟,6
提点换,6
涂好,6
愚昧,6
望能,6
绷,6
位进,6
圈买,6
赘述,6
纠缠,6
標,6
撇除,6
揭示,6
瞄,6
受欢迎,6
買著,6
恢,6
扭伤,6
懂行,6
处长,6
冷冻,6
款定,6
衡量,6
延迟,6
惊艳,6
罚,6
填换,6
迷倒,6
平扫,6
没管,6
宽厚,6
加用,6
飞买,6
窘迫,6
灌进,6
耐劳,6
偿命,6
精湛,6
荣升,6
预算,6
下订,6
耐受,6
茂,6
穿法,6
贬值,6
炎热,6
框,6
搞得,6
所换,6
位托,6
挤到,6
下哦,6
封好,6
不熟,6
改回,6
歇息,6
切忌,6
决战,6
设有,6
较佳,6
释吾疑,6
渗透,6
无透,6
顶住,6
看著,6
換,6
發,6
紧握,6
不碎,6
穿應,6
磕碰,6
生锈,6
画,6
显现,6
贬,6
撤柜,6
硕大,6
无视,6
输于,6
不放,6
返换,6
累人,6
填装,6
得往,6
不慎,6
作证,6
启用,6
赖床,6
喂,6
脱开,6
请作,6
好喝,6
说用,6
結合,6
说买,6
对抗,6
透水,6
可息,6
褒有,6
拆够,6
装到,6
認可,6
停薄,6
发亮,6
调紧,6
穿爱,6
折不动,6
好战,6
致命,6
较板,6
简版,6
無法,6
砸掉,6
擦布,6
掂量掂量,6
访谈,6
买了,6
浮现,6
告,6
够轻,6
需更,6
沒讓,6
堆放,6
挖到,6
惊叹,6
落下,6
完点,6
不差,6
所给,6
散尽,6
摳,6
突起来,6
度假,6
四溢,6
甭想,6
不弱,6
活买,6
完款,6
攻击,6
跋涉,6
轻重,6
失足,6
跟出,6
抢上,6
取掉,6
得擦,6
掌缓,6
圆钝,6
抽条,6
腾挪,6
搞活,6
买酒,6
最老,6
攒钱,6
褪,6
挺瘦,6
买多,6
家住,6
挑拣,6
要赞,6
穿对,6
发扬,6
另配,6
認為,6
背着,6
紧窄,6
冒充,6
點長,6
请换,6
只见,6
提完,6
削,6
请教,6
只认,6
決定,6
取决于,6
号选,7
揣摩,7
检讨,7
灌,7
麻痹,7
糟蹋,7
开得,7
详情请,7
开头,7
晕染,7
趿拉,7
爱松,7
挺多,7
翻起,7
暴丑,7
起跑,7
上弄,7
公认,7
晴好,7
警察,7
强发,7
深护,7
实为,7
赶着,7
吹进,7
扣起来,7
瞄着,7
有失,7
洗下,7
讽刺,7
顿饭,7
某种原因,7
迫切,7
再下,7
有幸,7
收完,7
豁,7
收寄,7
发飘,7
选折,7
只等,7
开叉,7
做强,7
新高,7
奏,7
逼牌,7
标有,7
牺牲,7
鍛煉,7
可降,7
没像,7
不消,7
拿给,7
扶,7
孝道,7
取下,7
取不,7
平便,7
传送,7
比订,7
平坦,7
得赞,7
上传,7
鼓掌,7
斷,7
清逸,7
挑出,7
打不,7
合并,7
气馁,7
带透,7
唯美,7
玩穿,7
大得,7
加加,7
加力,7
吹风,7
偏要,7
抄袭,7
握住,7
征战,7
购过,7
试投,7
俯视,7
过过,7
刮起,7
搁着,7
用哦,7
要塞,7
下限,7
脚了,7
刷得,7
选中,7
转评,7
没拆,7
像有,7
妥帖,7
有着,7
输服,7
锻课,7
贵好,7
居,7
拉锁,7
节买,7
妄想,7
爆大,7
用劲,7
象高,7
麻布,7
出于,7
可退,7
衬,7
没比,7
走步,7
很胖,7
上生,7
想断,7
活讲,7
转错,7
不耐折,7
贴出,7
伤及,7
吸入,7
显贵,7
散落,7
赶买,7
贴上去,7
加纳,7
可让,7
和缓,7
多试试,7
等用,7
撑住,7
专递,7
量过,7
帮订,7
嫉妒,7
上涨,7
易滑,7
浸水,7
没的,7
托买,7
饱暖,7
促使,7
生怕,7
来货,7
登录,7
說明,7
校,7
窄本,7
会裂,7
放不,7
不进,7
透过,7
最糙,7
应用,7
血拼,7
了磨,7
不补,7
闷得,7
像仿,7
乱说,7
不认,7
不记,7
讲求,7
挤教,7
插进去,7
神似,7
下让,7
卷买,7
暂且不说,7
请勿,7
辟,7
欢喜,7
改发,7
极限,7
合奏,7
成全,7
跟穿,7
赞助,7
叹,7
輕松,7
还习,7
晾放,7
移,7
料到,7
成大,7
娶,7
撤掉,7
估計,7
奉上,7
指能,7
沉实,7
扣不,7
豪放,7
鲜丽,7
答答,7
正适,7
适爽,7
剽马,7
一爽,7
优有,7
震做,7
搞乱,7
饱,7
禁得住,7
感是,7
奏合,7
见效,7
柔美,7
倾斜,7
请以,7
冻坏,7
眼馋,7
怀着,7
不扎,7
很笨,7
较值,7
买看,7
打车,7
为难,7
减弱,7
嚴重,7
下流,7
无能,7
打起,7
还发,7
形对,7
装反,7
超厚,7
查车,7
晃荡,7
拨打,7
审视,7
长胖,7
紧俏,7
奇高,7
删,7
迁强,7
换过,7
创下,7
来不及,7
吹出来,7
写道,7
购不愁,7
承重,7
来及,7
脱滑,7
带水,7
著,7
倾向,7
卸,7
选订,7
确标,7
亲要,7
带扣,7
掌有,7
死硬,7
流出,7
提价,7
向来,7
增添,7
好厚,7
惊心,7
猜想,7
修好,7
迟到,7
下够,7
直至,7
忙好,7
调仓,7
不存,7
转向,7
防松,7
闪开,7
缝住,7
震好,7
拿手,7
验收,7
没卖,7
贵贵,7
淘出,7
敲够,7
飛漲,7
觊觎,7
害死,7
赔,7
赶超,7
晾干,7
拣到,7
破掉,7
超累,7
降下,7
高矮,7
惹,7
缩写,7
赞成,7
颠在,7
帮上,7
烦琐,7
要购,7
闷闷,7
码够,7
造得,7
早起,7
找麻烦,7
拽,7
讨好,7
雅皮,7
见不着,7
重下,7
较素,7
超牛,7
生,7
燃起,7
恶臭,7
靠列,7
狂喜,7
分拣,7
得知,7
揪,7
热衷于,7
留有,7
企及,7
清秀,7
提好,7
就入,7
扣紧,7
仿照,7
携手,7
号满,7
换洗,8
打嘴,8
虚伪,8
打回,8
有利,8
定制,8
改降,8
打动,8
想下,8
冲有,8
控诉,8
配齐,8
招惹,8
撒谎,8
分长,8
等换,8
亲测,8
涨成,8
评述,8
生疑,8
压低,8
彪悍,8
撞车,8
松散,8
抵现,8
包好,8
没假,8
訂購,8
跻脚,8
刨,8
组合,8
装配,8
遗撼,8
呵护,8
洒单,8
处翻,8
置,8
想卖,8
耐热,8
突了,8
力呼,8
出磨,8
坚定,8
太烦,8
贴布,8
冠,8
紧贴,8
纯净,8
想比,8
不阁,8
诧异,8
试大,8
特贵,8
担,8
回报,8
重重,8
烤,8
冤,8
试完,8
表述,8
加服,8
便衣,8
断底,8
裸足,8
熏得,8
没钱买,8
放床,8
横看,8
较,8
想換,8
唤醒,8
洗过,8
抗穿,8
聊,8
愿换,8
知识,8
必读,8
敢于,8
下不去,8
宽容,8
提问,8
绕道,8
直射,8
不脱,8
疏忽,8
加穿,8
卖仿,8
没皮,8
轮不到,8
咳,8
涉水,8
内含,8
蛮窄,8
上放,8
无效,8
灵,8
名叫,8
拉分,8
洗掉,8
蛮艳,8
没点保,8
知晓,8
看个够,8
号加,8
号卖,8
改天,8
费解,8
姓,8
侥幸,8
购回,8
面开,8
可牛,8
没觉,8
垫付,8
放上去,8
发射,8
订得,8
推动,8
做高,8
乘,8
很易,8
希,8
配备,8
没掉,8
拱起,8
顺滑,8
侍弄,8
没挤,8
洗洁,8
上阵,8
堅野,8
仿得,8
粗细,8
倒好,8
起大,8
算足,8
旺,8
起起伏伏,8
迥异,8
很輕,8
拼命,8
轮换,8
好听,8
下成,8
不挤,8
坐在,8
才用,8
形好,8
慎用,8
得劲,8
应非,8
特爽,8
有要,8
发丝,8
完涨,8
炫跑,8
淘网,8
烦心,8
积攒,8
把手,8
不比,8
代卖,8
吓死人,8
发申,8
就信,8
觉出,8
引入,8
竖看,8
标错,8
不均,8
悬,8
配白,8
思考,8
買到,8
避上,8
经买,8
排名,8
不厌,8
骗骗,8
較硬,8
制止,8
软弱,8
表不对,8
表上,8
表与,8
可发,8
感应,8
坚野,8
买血,8
防护,8
超所,8
要降,8
感不强,8
整完,8
放风,8
重大,8
说算,8
漏掉,8
艰难,8
炫目,8
带收,8
附,8
帮比,8
贴近,8
懂价,8
很当,8
转交,8
烧烤,8
积仓,8
好笑,8
经受,8
担当,8
买同,8
进不去,8
返仓,8
慎入,8
冷不冷,8
认命,8
出高,8
买准,8
漂白,8
买假,8
无妨,9
看买,9
开开,9
归来,9
装订,9
正巧,9
講,9
炫酷,9
起身,9
处掉,9
炒价,9
强建,9
防身,9
成长,9
相隔,9
素朴,9
阻碍,9
醒,9
了价,9
配黑,9
上到,9
真奇,9
著名,9
按压,9
所骗,9
搁置,9
举办,9
打不进,9
好赖,9
改良,9
焖,9
宏碁,9
进到,9
稀缺,9
领,9
行行,9
啃,9
垮,9
看少,9
衰了,9
希款,9
最愛,9
标掉,9
请客,9
修下,9
推迟,9
洗起来,9
合足,9
沉迷,9
摸摸,9
包去,9
宽版,9
拍小,9
卖断,9
前进,9
进屋,9
邀请,9
低腰,9
发言,9
可悲,9
犹疑,9
摆摊,9
收看,9
善良,9
很軟,9
和气,9
实施,9
迈,9
断吗,9
了怪,9
抄,9
粉掉,9
刷多,9
逞心,9
雄起,9
挺窄,9
提脚,9
偏肥,9
举措,9
特软,9
鼓劲,9
鼓动,9
回想,9
上点,9
闻名,9
睡,9
准买,9
蛮大,9
梗,9
滞留,9
磨到,9
包修,9
收紧,9
戴,9
回步,9
点换,9
赋予,9
丰厚,9
掉包,9
听讲,9
不骗,9
很鲜,9
較大,9
蛮爽,9
舍,9
悶,9
赔有,9
进点,9
真惨,9
渴望,9
满该,9
查查,9
蛮热,9
转车,9
坚信,9
冷冷,9
不胜,9
开门,9
进看,9
滑死,9
选完,9
相像,9
不般,9
没弄,9
查出来,9
送过,9
適應,9
深加,9
呈现,9
到处跑,9
叫醒,9
瘦硬,9
练级,9
袢,9
出台,9
搅乱,9
查核,9
不装,9
做活,9
按扣,9
相精,9
放脚,9
冒雨,9
拨,9
相见,9
适舍,9
包着,9
前加,9
分布,9
凑个,9
达成,9
贊,9
暴走,9
发图,9
位有,9
柔滑,9
不灵,9
配发,9
晒图,9
没要,9
震惊,9
检,9
上配,9
解开,9
无遗,9
没讨,9
犹如,9
搶到,9
帮版,9
上闷,9
平静,9
上长,9
进过,9
回收,9
忍忍,9
刮掉,9
加脚,9
加肥,9
风靡,9
比写,9
打蜡,9
评到,9
不查,9
算账,9
很纯,9
帮款,9
糟,9
编大,9
计算,9
很远,9
赖用,9
摆明,9
给买,9
复核,9
垂直,9
走近,9
挨打,9
抓准,9
不掉,9
减免,9
提个醒,9
不抗,9
碰见,9
退柜,9
想选,9
轮滑,9
略去,9
带动,9
没饭,9
很耐滑,9
可握,9
可思,9
不漏,9
拦截,9
得值,9
兜,9
高大,9
着买,9
很热,9
站立,9
敬告,9
伸出,9
习,9
购习,9
跟想,9
揭,9
帮好,9
抗用,9
能算,9
高挑,9
不道,9
结,9
走上,9
较糙,9
给磨,9
不出意外,9
直购,9
穿会,9
能行,9
穿上来,9
泡坏,9
拜谢,9
送卷,9
試穿,9
肯,9
不压,9
扯下来,9
比低,9
相关,9
分散,9
发狂,9
焐,9
不忍,9
得慎,9
出跳,9
引导,9
配红,9
值价,9
压倒,9
简练,9
起有,9
薄弱,9
位于,9
入驻,9
不安,9
懵,9
薄轻,9
比烂,9
复刻,9
融入,9
涩,9
更佳,9
现买,9
要评,9
仰慕,9
叫好,9
出钱,9
盛名,9
到付,9
给滑,9
说成,9
保證,9
穿大,9
照应,9
小看,9
黏糊,9
认得,9
偏僻,9
宽型,9
未用,9
烧焦,9
有窄,9
最贵,9
带状,9
略现,9
抢夺,9
低来,9
超灵,9
得得得得得得得得,9
过入,9
搞来,9
下乱,9
偏小,9
打给,9
结婚,9
分成,9
爆和,9
返京,9
瞧不起,9
裸奔,9
好糙,9
好累,9
扎心,10
聪明,10
磨碎,10
踏步,10
骚包,10
漫漫,10
明示,10
皱裂,10
涨涨,10
够格,10
取得,10
遇阻,10
得起,10
查单,10
抵好,10
先选,10
送上来,10
胶结,10
给选,10
告别,10
较足,10
明牌,10
上印,10
了会,10
定完,10
不套,10
花掉,10
冲淡,10
焦急,10
看不惯,10
绷开,10
抵值,10
邂逅,10
渗出来,10
裂开来,10
独,10
增长,10
身穿,10
难忘,10
充满,10
折算,10
看差,10
申诉,10
保不住,10
包送,10
指不定,10
点大,10
遗漏掉,10
变窄,10
溢到,10
放水,10
坑骗,10
维修,10
没套,10
寄前,10
沒用,10
得配,10
朦胧,10
采,10
严密,10
进天,10
检阅,10
完试,10
推薦,10
劳烦,10
有下,10
比肥,10
配穿,10
了存,10
晒过,10
破败,10
回松,10
丢掉,10
收着,10
怪好,10
变低,10
感還,10
完冬,10
排除,10
安分,10
没放,10
上紧,10
肃静,10
保定,10
估摸,10
换过来,10
乱送,10
退队,10
改名,10
渡过,10
判定,10
就行,10
准不向,10
提起,10
有福,10
停留,10
无爱,10
挺现,10
爆发,10
沦落,10
着装,10
爆冷,10
争到,10
爱不释,10
披露,10
显足,10
往返,10
叮以,10
顶不住,10
改不了,10
荒唐,10
锁,10
维持,10
耐得,10
带钩,10
可赞,10
没白,10
来购,10
赶得到,10
帮能,10
很难,10
弄湿,10
甩货,10
束,10
夺冠,10
能坏,10
除开,10
不耐烦,10
挺怪,10
开打,10
退过,10
抗,10
前到,10
未查,10
加足,10
调成,10
拆掉,10
虚贵,10
勒出,10
发改,10
起伏,10
抄到,10
注塑,10
足足有,10
起价,10
来火,10
淘断,10
留到,10
叮,10
嚣张,10
卸下,10
定高,10
吹进来,10
组装,10
堪忧,10
买打,10
开逢,10
注册,10
下穿,10
了评,10
跨,10
不杂,10
有脏,10
划傷,10
带够,10
返来,10
很秀,10
掌处,10
上轻,10
约定,10
转换,10
休闲游,10
有订,10
带到,10
防冻,10
猛降,10
理应,10
收走,10
需大,10
适感,10
黏在,10
溢,10
有贵,10
没擦,10
码买,10
瞎折腾,10
含糊,10
退化,10
跑道,10
很伤,10
可帅,10
减掉,10
对得,10
送包,10
残余,10
不匀,10
挤着,10
不加,10
等过,10
敬意,10
相应,10
偏亮,10
侧翻,10
表交,10
较浅,10
导购,10
崎岖,10
健全,10
不妥,10
脚肥,10
不妙,10
变肥,10
害羞,10
退得,10
伸缩,10
拿掉,10
达动,10
能骗,10
虐待,10
净,10
強大,10
要裂,10
挤挤,10
寻求,10
带票,10
熬,10
尚待,10
提及,10
爆降,10
转为,10
面得,10
延伸,10
拉出去,10
长霉,10
挑拨,10
变长,10
挣个,10
最远,10
不亮,10
能退,10
衔接,10
试脚,10
紧压,10
浮浮,10
很单,10
上夺,11
加价,11
出更,11
缓和,11
买不着,11
挖,11
宣纸,11
蒸发,11
强购,11
下不来,11
浸得,11
起跳,11
连穿,11
强巧,11
沉醉,11
编出来,11
较冷,11
打弯,11
爆皮,11
征用,11
批准,11
有如,11
被压,11
外加,11
小跑,11
點扎,11
憋屈,11
磨白,11
作出,11
评鉴,11
搭调,11
实图,11
美气,11
再值,11
犯,11
点定,11
欢腾,11
了出,11
神散,11
承担,11
寄出去,11
了发,11
乐买,11
连撑,11
搓,11
没好,11
没塞,11
拍不出,11
映入,11
中长,11
所购,11
属实,11
要来,11
依偎,11
拿起,11
说行,11
没散,11
打眼,11
压懒,11
扼腕,11
扎坏,11
耐久,11
晃,11
没打,11
纵买,11
滑稽,11
折买,11
玩买,11
抱有,11
扭到,11
限量版,11
打紧,11
把换,11
绕行,11
抵用,11
漂,11
衬布,11
修理,11
要坏,11
绑脚,11
插进,11
搞好,11
趴下,11
悟,11
抛售,11
爱买,11
耐不耐,11
配装,11
不薄,11
蹭亮,11
自夸,11
自备,11
耐张,11
延误,11
置疑,11
烘,11
颇受,11
频繁,11
简,11
按摩,11
乱跑,11
够值,11
穿退,11
偏高,11
无可,11
很酸,11
准头,11
横批,11
熬过去,11
嗅到,11
办成,11
购写,11
寻常,11
在滑,11
发圆,11
叹息,11
合始,11
杂,11
不菲,11
原始,11
提成,11
点解,11
乐透,11
挑到,11
购好,11
略紧,11
肿胀,11
碍眼,11
提点自,11
练车,11
回调,11
促,11
妄言,11
了要,11
压迫,11
来算,11
羁勒,11
相称,11
亦可,11
妥善解决,11
签约,11
没量,11
已付,11
离奇,11
扣分,11
残破,11
介入,11
是够,11
不朽,11
靠紧,11
闯,11
得得,11
靓正,11
完球,11
急促,11
了味不重,11
吓到,11
上过,11
兼修,11
還算,11
形似,11
微软,11
得划,11
走用,11
转投,11
进风,11
看錯,11
酷毙,11
肯能,11
制得,11
用住,11
莫名,11
有趣,11
可收,11
挺肥,11
去除,11
浓郁,11
超标,11
找寻,11
超正,11
适度,11
很信,11
下偶,11
相加,11
脱水,11
特买,11
满布,11
能购,11
肥要,11
软布,11
可可,11
睡擦,11
清淡,11
致敬,11
撕毁,11
重心,11
专买,11
着种,11
爱赃,11
还断,11
分手,11
料用,11
淘买,11
处表,11
抽空,11
合生,11
延,11
下落,11
完有,11
窝,11
调准,11
听听,11
划不开,11
懂买,11
提后,11
显久,11
很强,11
发暗,11
是换,11
节穿,11
得紧,11
绝望,11
很宜,11
相衬,11
相付,11
囤积,11
好硬,11
掉落,11
购比,11
坐等,11
不慢,11
不得劲,11
不买,11
抬头,11
最要,11
多订,11
完步,11
报修,11
撑坏,11
款选,11
赌,11
爱恨,12
购选,12
促让,12
风大,12
骚动,12
有养,12
弄回,12
遍,12
映上,12
干旱,12
宣称,12
创立,12
无忧,12
牵出去,12
卖给,12
查到,12
燃烧,12
装进,12
端有,12
箍,12
砸牌子,12
风凉,12
下玩单,12
修剪,12
正合,12
驾驭,12
振兴,12
并不比,12
打完,12
踢起,12
微大,12
冲澡,12
没准,12
跑掉,12
舒护,12
合说,12
修修,12
拿不出,12
飙升,12
总穿,12
次于,12
搞上去,12
上会,12
徘徊,12
飞扬,12
自爱,12
兴奋,12
略长,12
完货,12
发达,12
撕,12
改观,12
行不行,12
少洗,12
挪,12
解说,12
虚化,12
破解,12
拒签,12
可高,12
要定,12
买起,12
涂到,12
没挂,12
实料,12
寄出,12
了怕,12
抬脚,12
认购,12
跳投,12
不送,12
刷完,12
偏胖,12
承受,12
踩开,12
曲折,12
克服,12
抛,12
引来,12
讨论,12
很耐,12
还以,12
吸取,12
易用,12
供换,12
出国,12
可观,12
劳好,12
有望,12
叼,12
离不开,12
维护,12
力给,12
查找,12
穿高,12
学完,12
挺服,12
愉悦,12
细细,12
被挤,12
捐给,12
侵泡,12
上找,12
打法,12
挺挺,12
不蠢,12
挺慢,12
表有,12
改卖,12
没能,12
太酷,12
寒碜,12
看象,12
挫,12
损害,12
了能,12
愚蠢,12
不火,12
下版,12
挑去,12
发发,12
所值,12
笨,12
迟,12
胶布,12
不致于,12
却用,12
跟看,12
留下来,12
给发,12
添置,12
诚实,12
抛高,12
并存,12
实诚,12
愉,12
抠出,12
旺旺,12
拼下,12
挡住,12
惨遭,12
贫富,12
高傲,12
不固,12
蹂躏,12
試,12
感有,12
贯彻,12
挖掘,12
睬,12
伐,12
苦于,12
补错,12
暴露,12
下水,12
扒,12
免谈,12
望牌,12
微贵,12
新下,12
浇水,12
升值,12
超呼,12
娇小,12
念旧,12
摘,12
较松,12
制成,12
惊呆,12
流失,12
买亏,12
缺失,12
退前,12
点得,12
留神,12
成瘾,12
一蹭,12
擁有,12
执着,12
好有,12
得当,12
显宽,12
不動,12
前用,12
一跤,12
粘着,12
颠,12
核对,12
提上来,12
流,12
撂,12
超破,12
没动,12
挑来,12
拆去,12
冷酷,12
绝无,12
把把关,12
闻见,12
保護,12
超经,12
胶裂,12
感好,12
酷似,12
清纯,12
急急,12
淫荡,12
留恋,12
染,12
碍脚,12
象有,12
象买,12
认同,12
超短,12
慢走,12
发比,12
奔跑,12
认不出来,12
编译,13
平安,13
堕落,13
弄坏,13
富裕,13
上差,13
微博,13
过,13
撑磨,13
光鲜,13
定大,13
揭开,13
收得,13
承接,13
遐想,13
开具,13
打错,13
取回,13
抵制,13
盼,13
完高,13
秀爽,13
买着,13
负担,13
埋汰,13
好酷,13
没剪,13
候,13
款示,13
遇见,13
寫,13
咧开,13
自用,13
还露,13
虚假,13
拖到,13
很貴,13
换标,13
游走,13
缩,13
报道,13
走过,13
掉下来,13
断号,13
丰,13
未能,13
入冬,13
要少,13
太矮,13
过行,13
贴图,13
爆利,13
寄往,13
瘦气,13
真累,13
打磨,13
胶住,13
换新,13
现购,13
奢侈,13
能开,13
织补,13
外泄,13
洗鞋,13
正款,13
处印,13
反客,13
选对,13
批,13
能卖,13
显著,13
自助,13
下跌,13
打消,13
吵,13
做法,13
端,13
回立,13
了笑,13
平滑,13
仿伪,13
刚够,13
修饰,13
很淡,13
给立,13
发回,13
订制,13
留心,13
畅销,13
脱起来,13
购大,13
到现,13
弄不好,13
破布,13
招,13
出做,13
舊,13
再购,13
正逢,13
没还,13
摆设,13
漫,13
偷笑,13
谢大,13
带容,13
下明,13
存着,13
下有,13
按说,13
上货,13
合交,13
禁忌,13
增厚,13
想選,13
抄上,13
起动,13
挺好吃,13
收进,13
很皮,13
热销,13
乐趣,13
辩解,13
笑醒,13
好开,13
远不如,13
做起,13
有货,13
积有,13
买中,13
挤死,13
闹腾,13
偏紫,13
找出,13
穷,13
会害,13
要退,13
念叨,13
瓷厚,13
轻遍,13
歪斜,13
所示,13
搜同,13
脱离,13
简捷,13
理睬,13
请求,13
掩,13
报,13
转中,13
遮,13
谢绝,13
好疼,13
好痛,13
放进,13
打字,13
開穿,13
表大,13
退休,13
超直,13
闹,14
枯,14
点买,14
除掉,14
突兀,14
还得,14
勤,14
反款,14
说道,14
存放,14
杀,14
打工,14
刷白,14
浏览,14
没作,14
能撑,14
捞,14
完过,14
想加,14
购让,14
起退,14
恐怖,14
处磨,14
戳,14
相音,14
打牌,14
齐整,14
穿试,14
卖出,14
嵌到,14
太笨,14
穿能,14
抗磨,14
遍短,14
见鬼,14
提鞋,14
爽爽爽,14
总归,14
真挺,14
摆着,14
滑滑,14
了看,14
选得,14
瞄上,14
外溢,14
吭,14
困惑,14
一单,14
弄清,14
能出,14
怕冷,14
尖锐,14
不详,14
够劲,14
信,14
退返,14
買給,14
映衬,14
穿下去,14
走如,14
上高,14
挡不住,14
恰逢,14
购在,14
包边,14
摆过,14
看得起,14
很悲,14
扣会,14
给合,14
履行,14
补足,14
比仿,14
扣到,14
蛮酷,14
必看,14
劃算,14
抓地,14
退換,14
了来,14
担忧,14
巨高,14
留作,14
叫绝,14
兼优,14
抵触,14
来护,14
阴,14
柔,14
可恨,14
更改,14
诉求,14
算算,14
开上去,14
带回,14
在外,14
很火,14
乍,14
伸入,14
幫,14
淌,14
怀,14
伪劣产品,14
接货,14
庄重,14
很俗,14
相反,14
还滑,14
妥善处理,14
偏上,14
胶露,14
复,14
较沉,14
下得,14
不妨,14
飘逸,14
沾污,14
相宜,14
发算,14
试走,14
脱穿,14
刮得,14
恩困,14
抢劫,14
治疗,14
经得,14
咬牙,14
转予,14
相仿,14
偷人,14
何求,14
谈,15
耐滑,15
是行,15
打到,15
平平,15
探索,15
划船,15
辉煌,15
开嘴,15
节拍,15
宽敞,15
做不了,15
透眼,15
算准,15
宽有,15
压仓,15
渐凉,15
抵买,15
挤肿,15
磨死,15
给人以,15
辗转,15
看完,15
狂烈,15
继承,15
分解,15
了去,15
再寄,15
验过,15
悲伤,15
干练,15
疲劳,15
冒出来,15
还降,15
待发,15
很白,15
挺累,15
下陷,15
发馈,15
窄窄,15
谅解,15
遛弯儿,15
上缠,15
庞大,15
看有,15
可送,15
实测,15
倒闭,15
看打,15
精細,15
染黑,15
掏钱,15
可进,15
挂到,15
用买,15
蛮硬,15
抵扣,15
牵强,15
购卖,15
提早,15
很湿,15
购到,15
号变,15
翻修,15
算高,15
有钱,15
买主,15
买断,15
了过,15
偏歪,15
妥,15
正道,15
点能,15
恨透,15
粉非,15
略嫌,15
祥细,15
蹀躞,15
冒火,15
对换,15
不沉,15
还值,15
就用,15
喊,15
妙,15
定购,15
享用,15
覺,15
传完,15
可定,15
受用,15
好懒,15
不净,15
还没,15
会否,15
不动,15
出身,15
腾空,15
透心,15
优选,15
跟包,15
购置,15
破碎,15
多虑,15
含,15
积分换,15
兑换,15
配起来,15
合乎,15
欺负,15
最轻,15
踹,15
休閒,15
欢欢,15
稳固,16
夹杂,16
看价,16
磨磨,16
撅,16
勾上,16
省掉,16
算好,16
稳健,16
深浅,16
解釋,16
浮,16
溅,16
无功,16
练习,16
传出去,16
吸热,16
出样,16
没下,16
惊,16
磨没,16
需选,16
榨,16
介钱,16
合购,16
拎,16
發明,16
发光,16
放滑,16
细微,16
飘有,16
预备,16
加入,16
糊弄,16
了宿,16
上积,16
走起,16
丰差,16
变为,16
寄回,16
看比,16
踩到,16
挺票,16
节俭,16
包扎,16
夸下,16
飘出,16
更酷,16
上瘾,16
遞,16
可订,16
古怪,16
特高,16
裸露,16
凸出来,16
平淡,16
帮过,16
趴在,16
不艳,16
耐寒,16
呈,16
重购,16
协大,16
送贷,16
不衰,16
素净,16
弄死,16
潴,16
号到,16
帮穿,16
偏淡,16
擦破,16
埋,16
补课,16
低劣,16
虚荣,16
过货,16
靚,16
念,16
有范,16
挺起,16
不服,16
批评,16
擺,16
个整,16
没长,16
无赖,16
废掉,16
嘀,16
咬,16
回退,16
微胖,16
续买,16
偏细,16
完久,16
略写,16
加钱,16
退步,16
守旧,16
下要,16
很爱,16
粗燥,16
送回,16
较暗,16
穿传,16
利于,16
抹掉,16
卸掉,16
优异,16
转凉,16
分拨,16
来劲,16
看标,16
怕脏,16
不塌,16
退役,16
下完,16
发放,16
抢光,16
利害,16
跟仿,16
试跑,16
要到,16
显胖,16
罗嗦,16
掏包,16
好瘦,16
着想,16
搶,16
改改,16
较美,16
沦为,16
撮合,16
下乡,16
能配,16
晾凉,16
确点,16
平实,17
看上眼,17
起见,17
高興,17
古,17
一浅,17
呕吐,17
信得,17
出泡,17
风吹,17
蛮亮,17
没信,17
撕过,17
算低,17
铺上,17
算么,17
钩钩,17
处用,17
连到,17
想订,17
吓了一跳,17
翻新,17
爽快,17
包养,17
纯洁,17
采取,17
没找,17
透透,17
拍摄,17
乐购,17
奢华,17
焕发,17
不评,17
快感,17
晃点,17
流血,17
收来,17
挡,17
有意,17
狭窄,17
连低,17
抢钱,17
抗拒,17
下调,17
自取,17
灵巧,17
一凉,17
加班,17
赚钱,17
引起,17
不试,17
闲,17
相要,17
胜过,17
悬殊,17
退热,17
向下,17
过渡,17
展,17
传上,17
驰名,17
买有,17
付么,17
抓住,17
上算,17
不窄,17
微薄,17
穿破,17
掏,17
转成,17
伴成,17
好够,17
帮护,17
穿热,17
成交,17
应选,17
摔死,17
吃饭,17
退单,17
赛,17
特低,17
健,17
放过,17
较滑,17
挺沉,17
不廉,17
可写,17
只剩,17
可否,17
爱酷,17
粘满,17
贪,17
耐不耐断,17
穿强,17
弯脚,17
能送,17
起皮,17
很冷,17
略略,17
跑跳,17
带痛,17
贴脚,17
自毁,18
吸,18
遍大,18
在够,18
交买,18
應,18
能穿,18
没变,18
没分,18
下决心,18
承托,18
反着,18
没孔,18
得选,18
连接,18
无碍,18
没想,18
平稳,18
关顾,18
拓展,18
抢走,18
调调,18
过得硬,18
不顺,18
輕,18
弄来,18
催促,18
占便宜,18
处做,18
适之,18
讓,18
反复,18
磨伤,18
生意,18
生成,18
有助于,18
显紧,18
超植,18
尽显,18
蛮薄,18
开通,18
弄掉,18
优胜,18
再败,18
没过,18
过意,18
比买,18
崛起,18
拉掉,18
上说,18
开过,18
翘起,18
产自,18
平足,18
诡异,18
很稳,18
残缺,18
看不清,18
苛刻,18
怨,18
显挤,18
送礼,18
扣扣,18
是定,18
寄过去,18
形成,18
刺眼,18
漂流,18
配置,18
显卡,18
登,18
防磨,18
获,18
说服,18
显不,18
值回,18
不好受,18
托起,18
要加,18
治理,18
出來,18
追捧,18
很奥,18
通,18
直降,18
拉伸,18
接通,18
贴纸,19
当成,19
刷不掉,19
撕裂,19
抠门,19
折断,19
蹦,19
遐思,19
精巧,19
撞鞋,19
愚弄,19
观望,19
毫无,19
犒劳,19
具,19
吃惊,19
仿鞋,19
看图,19
有得卖,19
要松,19
组成,19
吓一跳,19
再来,19
明快,19
表达,19
才行,19
像样,19
看收,19
享,19
判别,19
打来,19
烫,19
限于,19
了用,19
打整,19
薄薄,19
折弯,19
筛选,19
困扰,19
借给,19
温和,19
勾起,19
兼得,19
再订,19
不破,19
奉劝,19
扣压,19
相等,19
清单,19
沾上,19
真诚,19
躺,19
历来,19
仿冒,19
发单,19
防止,19
撕掉,19
最重,19
甩卖,19
扣款,19
发绿,19
值多,19
惊奇,19
追究,19
补救,19
另附,19
演,19
算抵,19
谦虚,19
说换,19
查不到,19
练,19
火大,19
整小,19
交替,19
很傻,19
安装,19
惭愧,19
需穿,19
应为,20
有加,20
称得上,20
敷面,20
远行,20
憋脚,20
能有,20
配饰,20
变慢,20
凸出,20
散掉,20
堆,20
少有,20
再入,20
进土,20
高高,20
打亮,20
想買,20
绝赞,20
压得,20
没开,20
挺细,20
强硬,20
铺,20
应比,20
颠覆,20
没标,20
往下掉,20
可遇,20
了满,20
胶合,20
上爬,20
弱,20
賣,20
钓多,20
呛,20
来评,20
愁,20
適合,20
持,20
拆换,20
抗造,20
購得,20
巧妙,20
回春,20
精,20
切割,20
粘和,20
评下,20
没跑,20
没谱,20
散散,20
抵达,20
蘸,20
不惜,20
上身,20
臭死,20
拧,20
舒,20
脱卸,20
很矮,20
潇洒,20
很烦,20
粗犷,20
前买,20
忍住,20
引,20
可好,20
不卖,20
冒似,20
优,20
贴身,20
拆卸,20
发愁,20
提升,20
赐,20
签字,20
整出,20
合成,20
背骗,20
抢完,20
咬碎,20
能比,21
沉闷,21
兑现,21
松糕,21
发退,21
无心,21
沉重,21
打击,21
合適,21
未有,21
上吊,21
打大,21
熬过,21
再加,21
降低,21
逗,21
抓阄,21
没劲,21
负,21
写成,21
收下,21
看在,21
扫描,21
查下,21
无聊,21
就够,21
扣处,21
看写,21
搽,21
消,21
买赔,21
没折,21
写出,21
当买,21
上火,21
坠,21
误买,21
尽责,21
争取,21
歃,21
跟进,21
听错,21
值钱,21
力荐,21
可行,21
禁不住,21
干吗,21
可谈,21
出击,21
接头,21
堵,21
涨回,21
没窜,21
下行,21
挺括,21
休闲装,21
够厚,21
难辨,21
返现,21
收不到,21
支,21
淘来,21
挺高,21
便易,21
原配,21
取送,21
不给,21
震撼,21
例外,21
缠,21
拉紧,21
可比,21
缩短,21
模仿,21
恼火,21
很疼,21
申,21
闪电,21
取胜,21
丑看,21
开荤,21
买得起,21
打不开,21
扶持,21
到头,21
共享,21
解答,21
踢毽子,21
绑绑,21
一顺,21
穿开,21
新换,21
找位,21
買來,21
迎,21
迷彩,21
穿出,21
穿去,21
炫动,22
打印,22
装卖,22
弄到,22
忧郁,22
消减,22
泛出,22
强到,22
还能,22
看得出,22
痛死,22
处看,22
拿不准,22
藏,22
加固,22
刷新,22
要掉,22
还长,22
号发,22
显硬,22
截图,22
压断,22
自主,22
邋遢,22
卖假,22
懒脏,22
太窄,22
糊涂,22
具备,22
了比,22
个人爱好,22
没烂,22
可要,22
灭,22
变宽,22
有无,22
夺宝,22
有毒,22
很错,22
眼看,22
相象,22
很险,22
友买,22
换好,22
柔韧,22
出大,22
作怪,22
拿去,22
匀称,22
困逛,22
登记,22
划伤,22
撕下,22
列,22
崩溃,22
乱来,22
打进去,22
传到,22
买白,22
运来,22
较好,22
蹋,22
升到,22
老大,22
满好,22
只限,22
考,22
扯淡,22
来卖,22
鉴别,22
顯得,22
试问,22
抢占,22
刺脚,22
听到,22
特卖,22
翻看,22
刷起来,22
偏宜,22
兼顾,23
舒畅,23
好行,23
稍嫌,23
强于,23
无从,23
超酷,23
回归,23
没大,23
狠硬,23
着凉,23
炫丽,23
太狠,23
退鞋,23
处于,23
难搞,23
缝上去,23
蹬,23
特薄,23
盯,23
没点,23
照顾,23
转运,23
强求,23
上手,23
追回,23
术,23
稍宽,23
善意,23
佩服,23
摺,23
接下去,23
养,23
溅水,23
对白,23
可用,23
售,23
损伤,23
无误,23
没辙,23
抽丝,23
改为,23
仿制,23
擦拭,23
甜,23
偏移,23
重叠,23
代替,23
捎带,23
下好,23
感覺,23
要钱,23
抢下,23
學,23
发旧,23
洗不掉,23
堆积,23
值当,23
不予,23
号比,23
很劲,23
内测,24
说降,24
加以,24
说送,24
减轻,24
上卖,24
好货,24
较闷,24
实到,24
执,24
卖出去,24
预定,24
进手,24
没抱,24
隐藏,24
编,24
裁剪,24
忍不住,24
可穿,24
脱下,24
重现,24
创新,24
绣,24
参见,24
挺适,24
很细,24
了送,24
手痒,24
离开,24
心烦,24
猜,24
得力,24
还变,24
晾着,24
赢,24
写送,24
超爽,24
忧,24
遛狗,24
还求,24
自贡,24
入送,24
冻死,24
散发,24
决对,24
适不,24
发泡,24
抓紧,24
脱下来,24
是用,24
用着,25
订错,25
收取,25
拿错,25
没人接,25
回买,25
出气,25
在场,25
够慢,25
窜,25
蛮厚,25
看待,25
没包,25
深紫,25
上亮,25
天到,25
得送,25
征服,25
看去,25
发行,25
刷掉,25
選擇,25
尚不知,25
尽职,25
一亮,25
为止,25
不选,25
傻,25
变小,25
挂掉,25
討厭,25
算滿,25
明亮,25
卖主,25
没着,25
淘鞋,25
逛得,25
凸显,25
长宽,25
优越,25
上拍,25
抖手,25
不话,25
表明,25
难过,25
辜负,25
下着,25
不亚于,25
对版,25
建立,25
发往,25
控制,25
了长,25
不懂,25
没鞋,25
较细,25
劝,25
抽,25
看得出来,25
挑不出,25
转寄,25
坠述,25
很低,25
归,25
还换,25
镶嵌,25
好爽,25
擦伤,25
带网,25
发成,25
沒,25
遛,25
致使,25
不为,25
拣,26
清远,26
不利于,26
团够,26
自有,26
平均,26
不的,26
买不起,26
垫高,26
摆放,26
亏死,26
了换,26
跟不上,26
尽,26
不顾,26
坐,26
喘,26
切,26
了给,26
适脚,26
显老,26
更爽,26
染成,26
新宠,26
给与,26
泡来,26
加长,26
得出,26
挺能,26
沒貨,26
穿住,26
穿不出,26
齐,26
勒紧,26
掰,26
容,26
飘过,26
尖尖,26
交涉,26
要贵,26
假冒,27
平庸,27
打分,27
打出,27
较胖,27
有名,27
凑乎,27
极大,27
吼,27
了到,27
滥,27
回应,27
奇慢,27
是非,27
附着,27
抢下来,27
处会,27
延长,27
广泛,27
退色,27
看不见,27
包在,27
不疼,27
带买,27
发小,27
闲逛,27
粘到,27
洗涤,27
略宽,27
上贴,27
不急,27
掂量,27
照着,27
撕开,27
拾,27
掩盖,27
接轨,27
送出去,27
连高,27
缺少,27
持久,27
转卖,27
清除,27
贪心,27
洗刷,27
跟买,27
看不上,27
做出,28
来电,28
渗出,28
好话,28
充电,28
局促,28
超薄,28
拆下来,28
禁,28
轻易,28
弄伤,28
伸,28
没差,28
沒了,28
靠近,28
压抑,28
走运,28
鼓励,28
瘦窄,28
点热,28
反击,28
拥挤,28
促进,28
挑大,28
不稳,28
冻僵,28
点错,28
揪心,28
查证,28
覺得,28
最难,28
返回,28
搭理,28
淡薄,28
厚厚,28
充足,28
纤细,28
自重,28
怀孕,28
默认,28
免费送,28
签单,28
得用,28
湊合,28
操蛋,29
陷,29
带路,29
只够,29
蹦蹦跳跳,29
真好,29
好轻,29
选手,29
兴叹,29
挺亮,29
合试,29
吝啬,29
买下来,29
鲜嫩,29
没有支撑,29
邮到,29
吸收,29
进山,29
可恶,29
搞脏,29
见证,29
充当,29
上磨,29
弓,29
拖拖,29
再现,29
抵消,29
来虚,29
爽爆,29
换大,29
交,29
没算,29
组织,29
蛮紧,29
热热,29
转移,29
來,29
赞叹,29
买新,29
退给,29
低下,29
传喜,29
绑紧,29
沾到,29
不松,29
高出,29
得去,29
透氣,29
适服,29
买玩,29
详情,29
加送,29
加速,29
下合,29
绝版,29
磕到,29
特合,29
带孔,29
听信,29
还害,29
认错,29
破破,29
适于,29
变黑,29
拆包,29
可作,29
欲望,29
发挥,29
听取,29
累死,29
耽搁,29
了值,29
用过,29
单纯,29
叫做,29
刺激,29
壮,29
吸味包,29
道歉,29
吸臭,29
正如,30
爽,30
坐车,30
开发,30
环,30
至爱,30
糙,30
产于,30
顺,30
扭曲,30
拍拍,30
精确,30
拜,30
呐,30
激烈,30
看穿,30
不肥,30
挂不住,30
能到,30
强悍,30
慎选,30
做得好,30
平易,30
喜,30
跟着,30
坨,30
送人,30
可气,30
打过,30
用钱,30
秉承,30
特供,30
憋气,30
得换,30
散布,30
听从,30
误解,30
娇气,30
粗心,30
传真,30
脱线,30
稍感,30
洗完,30
蠢,30
划破,30
注,30
很假,30
买值,30
吐血,31
磨穿,31
算对,31
委屈,31
填充,31
上升,31
较贵,31
让利,31
乖,31
断掉,31
安慰,31
包得,31
省去,31
撑撑,31
响应,31
用到,31
神奇,31
验,31
窃喜,31
上满,31
刺,31
显窄,31
所得,31
挺长,31
需买,31
补过,31
高低,31
妨碍,31
不明,31
列出,31
邮,31
做生意,31
熱,31
转手,31
起到,31
冒牌,31
是值,31
缓解,31
把握,31
凑凑,31
看着办,31
不坏,31
换回,31
松软,31
不变,31
简朴,31
阔,32
冻脚,32
评说,32
捧场,32
头疼,32
轻柔,32
稀烂,32
没影,32
吓,32
赶到,32
生疼,32
做成,32
来自,32
渗水,32
可调,32
创造,32
毛躁,32
消除,32
不理,32
抢手,32
升价,32
适穿,32
优美,32
均匀,32
无需,32
好受,32
看得见,32
推介,32
跟有,32
不湿,32
抹布,32
简介,32
抵脚,32
扣掉,32
很糙,32
传来,32
刷洗,32
目测,32
抢入,32
温柔,32
抢去,32
讨厌,32
紧密,32
发牢骚,32
相中,32
不伤,32
惆怅,32
肿,32
伴,33
富余,33
保洁,33
最慢,33
累计,33
细巧,33
停,33
真烂,33
灵便,33
有扮,33
用布,33
上用,33
明,33
打打,33
却说,33
出彩,33
放价,33
感触,33
奈用,33
湿滑,33
分开,33
不烂,33
求解,33
注定,33
拾元,33
单买,33
高于,33
吐,33
磨过,33
洒落,33
买穿,33
着存,33
较小,33
位,33
给礼,33
迷信,33
得有,33
报废,33
碎,33
勾,33
讨喜,33
扎起,33
素雅,33
强壮,34
要紧,34
超微,34
保留,34
高见,34
遭到,34
毕近,34
苦,34
埋怨,34
能用,34
打着,34
穿进,34
总得,34
闲着,34
用得,34
挺爽,34
刷刷,34
后发,34
要亮,34
打扫,34
指示,34
挎,34
很闷,34
放下,34
有够,34
热烈,34
找不出,34
免除,34
推广,34
说值,34
砍,34
再配,34
降下来,34
可换,34
买略,34
返利,34
换购,34
得比,34
送往,34
堪称,34
缝合,34
感强,34
稍短,34
认定,34
很嫩,34
不信,34
不俗,34
不严,34
买去,34
落,34
溜,35
收入,35
真大,35
欣慰,35
丰满,35
回味,35
动,35
说话,35
做事,35
发誓,35
推,35
能买,35
关闭,35
放弃,35
适量,35
喜爱,35
耍,35
穿长,35
湿透,35
串,35
欢心,35
磕碜,35
还对,35
捂脚,35
如意,35
请买,35
取走,35
帮收,35
退到,35
健康,35
与否,35
扯,35
不幸,35
合用,35
派,35
绚丽,35
特大,35
盗版,35
待考,35
原有,35
不亏,35
纳闷,35
跑跑,35
寄来,35
悲哀,36
有好,36
待续,36
反感,36
瑕疵品,36
申通,36
护,36
拥,36
飞洒,36
点评,36
生硬,36
帮买,36
洗澡,36
下架,36
没戏,36
邮递,36
琢磨,36
突起,36
拼接,36
已有,36
诚意,36
惬意,36
有假,37
爱护,37
最烂,37
圆滑,37
横向,37
吸湿,37
后续,37
逛商店,37
了有,37
奇快,37
相配,37
伤害,37
待定,37
拍照,37
买高,37
松动,37
打湿,37
用作,37
太沉,37
不该,37
跟脚,37
完单,37
配得,37
没话,37
太爽,37
偷懒,37
错单,37
收购,37
好大,37
成为,37
了额,37
感冒,37
来取,37
脱掉,37
知名,37
分辨,37
扩大,37
提到,37
改正,37
过窄,37
应买,38
踩下去,38
混乱,38
斜,38
应当,38
沒穿,38
露,38
鄙视,38
紧身,38
自信,38
弹,38
看成,38
巨慢,38
打破,38
放宽,38
试下,38
极易,38
特重,38
惨,38
偷,38
配上,38
凑单,38
专供,38
輕便,38
复合,38
赞扬,38
爱惜,39
瞒,39
开包,39
较快,39
萌,39
坚挺,39
白捡,39
换上,39
臃肿,39
断定,39
哼,39
拆过,39
恶劣,39
虚高,39
割,39
说对,39
认准,39
来换,39
受伤,39
偏硬,39
分离,39
便于,39
说来,39
要轻,39
尴尬,39
分明,39
收回,40
换算,40
去逛,40
质轻,40
舒坦,40
要强,40
毁,40
富有,40
排水,40
穿透,40
幼稚,40
跳舞,40
没落,40
给出,40
好使,40
覆盖,40
感激,40
上下班,40
使得,40
改成,40
抽掉,40
买卖,40
免得,41
投入,41
闹心,41
废,41
伸进去,41
购要,41
鲜明,41
报销,41
点缀,41
出名,41
必选,41
解,41
迷惑,41
逛逛,41
介价,41
嫌弃,41
绝世,41
丑陋,41
贪图,41
出过,41
管,41
不堪,41
出行,41
磨脚,41
不下,41
补仓,42
轻灵,42
高贵,42
廉,42
易于,42
巨大,42
穿用,42
严,42
扭,42
挺紧,42
瞧,42
重视,42
手摸,42
搜,42
粘住,42
摔了一跤,42
浓重,42
对待,42
不取,42
巧,42
代收,42
完毕,42
兼,42
删除,42
甩尾,42
走到,42
只用,43
待用,43
包住,43
長,43
无关,43
等来,43
视乎,43
追,43
备注,43
珍惜,43
失去,43
松垮,43
猛烈,43
包覆,43
呼呼,43
熏,43
实话,43
好似,43
抢没,43
烦恼,43
没钱,43
遇,43
算能,43
拉升,43
硬朗,43
得手,43
疯狂,43
潮湿,43
早知,44
太糙,44
完蛋,44
没和,44
招牌,44
卖来,44
认证,44
学习,44
保,44
运送,44
最多,44
有感,44
反差,44
印上去,44
脆弱,44
变回,44
骑行,44
号定,44
很松,44
评为,44
还入,44
迷,44
勤快,44
介意,44
掌握,44
最高,44
紧张,44
愤怒,44
弯,44
忐忑,44
平宜,45
浓烈,45
开封,45
看下,45
称道,45
签,45
远足,45
剪,45
对不住,45
指定,45
辨认,45
面试,45
還行,45
显长,45
挤进去,45
可谓,45
没空,45
存,45
降成,45
路过,45
重拾,45
减少,45
缝好,45
留着,45
塌下去,46
广,46
轻爽,46
晕倒,46
暗,46
怪异,46
剧烈,46
细看,46
不良,46
粘上去,46
走遍,46
不着,46
带上,46
很正,46
最硬,46
行为,46
穿烂,46
失落,46
疑惑,46
发硬,46
允许,46
不上,46
贴着,47
拍到,47
購買,47
摔,47
晾,47
点击,47
开线,47
寄到,47
配有,47
厚薄,47
直到,47
配套,47
没退,47
较慢,47
得意,47
不对,47
碰,47
碍事,47
看晒,47
耀眼,47
盖,47
仅供,47
还用,47
走动,47
快乐,48
擦不掉,48
免去,48
指,48
得,48
脱鞋,48
配搭,48
只得,48
在意,48
夸奖,48
配合,48
打通,48
欠,48
僵硬,48
满减,48
认可,48
乃,49
看清,49
欢迎,49
搬,49
限制,49
松开,49
出头,49
留在,49
感想,49
如愿,49
超强,49
关,49
受理,49
孝敬,49
忍痛,49
是断,49
彪马,49
较热,49
任意,49
落后,49
算得,50
灵活,50
空留,50
挤脚,50
开交,50
没底,50
买要,50
龟裂,50
爱好,50
上架,50
抹,50
附赠,50
排,50
断裂,50
饱满,50
为主,51
凹陷,51
丢人,51
没去,51
没型,51
裹,51
看准,51
应有,51
庆幸,51
详见,51
破坏,51
再选,51
踩踏,51
很痛,51
薄厚,51
需求,51
弹跳,51
穿多,51
实,51
团来,51
抢得,51
绝配,52
上大,52
超软,52
加快,52
称,52
切记,52
卖没,52
旗舰店,52
美好,52
闻到,52
靠得住,52
蛮软,52
蹭,52
撑开,52
刮伤,52
常来,52
用用,53
给钱,53
好贵,53
疯,53
久违,53
为准,53
胀,53
够买,53
换下,53
试好,53
修改,53
可拆卸,53
教,53
不热,53
实践,53
好吃,53
穿戴,53
带劲,53
简便,53
鼓,53
好烂,53
搭款,53
配成,53
受潮,53
翻皮,53
會,54
敏感,54
咧,54
送貨,54
缩水,54
穿有,54
挺贵,54
暗淡,54
捡漏,54
着用,54
误购,54
送上门,54
先用,55
發現,55
属,55
别致,55
骂,55
保存,55
可选,55
吃亏,55
欣喜,55
放进去,55
致电,55
笑,55
整,55
没问,55
紫,55
借,55
不厚,55
借鉴,55
提出,55
飞跃,55
摸索,56
坚持,56
回头,56
烂掉,56
超大,56
可怜,56
谁知,56
欣赏,56
好比,56
轻软,56
搞搞,56
舒爽,57
准时,57
摔跤,57
换掉,57
想来,57
幸福,57
彰显,57
便服,57
辨别,57
烧,57
很慢,57
碼,57
偏短,57
答应,57
收获,57
设,57
逢,57
惊动,57
简易,57
呆,57
入眼,58
滑倒,58
除湿,58
干燥,58
稀罕,58
补充,58
疑问,58
够低,58
塌,58
输,58
变大,58
够呛,58
塌陷,58
繁琐,58
不收,58
没出,58
体现,58
高效,58
受罪,58
试一试,58
透亮,58
偏宽,58
记,59
发送,59
没人,59
弯折,59
爆,59
看货,59
刻意,59
上能,59
适当,59
不冷,59
剩,59
晒晒,59
休,59
偏软,59
吻合,59
拒收,60
标示,60
接缝,60
折磨,60
不肯,60
走长,60
很适,60
分不出,60
答复,60
买上,60
破烂,60
纯皮,61
提点,61
换换,61
安排,61
记住,61
自强,61
返还,61
弥补,61
害得,61
夺,61
就下,61
下回,61
带有,61
刮开,61
买前,61
寻找,61
照,62
湿布,62
弯曲,62
侧,62
称赞,62
正,62
松快,62
混,62
有大,62
极高,62
淘汰,62
拍错,62
请便,62
苛求,62
放置,63
受骗,63
购进,63
不重,63
保守,63
跟踪,63
褪色,63
收钱,63
看越,63
跳跃,63
询问,63
查看,63
漂漂,63
出错,63
蒙,64
注重,64
进入,64
拒绝,64
不解,64
活泼,64
吓人,64
修身,64
来到,64
说不出,64
偏厚,64
遇水,64
响亮,65
在乎,65
匹配,65
真硬,65
痛快,65
有限,65
看不懂,65
不出,65
填,65
有劲,66
拍下,66
邻居,66
般般,66
返,66
排汗,66
当做,66
接口,66
凸起,66
牢靠,67
得来,67
倒霉,67
挺潮,67
跑动,67
连买,67
收拾,67
解放,67
打死,67
下班,67
订小,67
很紧,67
屯,67
愿,67
去掉,67
造工,67
爽死,67
自由,68
想法,68
說,68
捏,68
包裝,68
忍受,68
跟磨,68
流畅,68
读,68
料,68
退回,68
完折,68
划,69
不规则,69
加宽,69
接缝处,69
拿走,69
抱歉,69
包括,69
穿旧,69
赖,69
算行,69
模糊,69
真够,70
纯粹,70
要死,70
放假,70
卖到,70
折叠,70
團購,70
觉着,70
整洁,70
挣,70
上试,70
透明,70
处,70
变软,70
发白,70
不得,70
修,70
骄傲,70
当作,71
穿脱,71
亲切,71
耐心,71
不见,71
很沉,71
看行,71
透光,71
偏低,71
趁,71
推掉,71
认,71
穿到,71
取出,72
没传,72
剩下,72
进来,72
不通,72
放大,72
退还,72
订大,72
活着,72
稳,72
迅捷,72
爱脏,72
熟悉,72
调,72
把关,72
买回,72
签名,72
手快,72
不闷,73
下错,73
吹,73
买得,73
骑,73
挺重,73
败,73
擦擦,73
遇上,73
缺乏,73
就值,73
松松,74
慌,74
出乎,74
飘亮,74
无意,74
超乎,74
舒適,74
有点痛,74
说法,74
打发,75
回事,75
激动,75
广大,75
牢,75
很差,75
背,75
显脏,75
弄错,75
买成,75
创意,75
洗洗,75
给予,75
发热,75
有点累,75
办,75
截,76
变得,76
有效,76
涨到,76
递,76
例如,76
找回,76
超爱,76
有用,77
经得起,77
太胖,77
身高,77
供,78
闪,78
贴牌,78
夸,78
贷,78
补,78
派送,78
擦掉,78
溜达,78
掉皮,79
速递,79
看法,79
参照,79
挺有,79
换到,79
发到,79
撞,79
质疑,79
送达,79
不软,79
实战,79
失误,79
输入,79
沒有,80
拼,80
不长,80
较高,80
无比,80
信不信,80
胜,80
不细,80
可买,80
收藏,80
紧凑,80
付钱,81
放到,81
购上,81
手续,81
慎买,81
嫌疑,81
相,82
判断,82
溢出,82
失真,82
反倒,82
擦洗,82
很久,82
望,82
踏,82
断货,82
比高,83
请问,83
崴,83
宽窄,83
极佳,83
坚固,83
穿冻,83
超越,84
响,84
压坏,84
到达,84
转给,84
抵,84
哭,84
裹脚,84
够酷,84
放着,85
纯白,85
丰富,85
坏掉,85
可信,85
睡觉,86
吆,86
要放,86
暴晒,86
砸,86
沉稳,86
结不,86
便利,86
害怕,86
发霉,87
吃,87
不起,87
凹,87
称心,87
淘到,87
买小,87
合意,87
标,88
连续,88
太大,88
没上,88
就让,88
酷酷,88
蹩脚,88
超给,88
选比,89
逛,89
和谐,89
细腻,89
清凉,89
来回,89
搞笑,89
发臭,89
甩,90
不高,90
散热,90
疑似,90
考察,90
号买,90
着急,90
来买,90
留言,91
磨出,91
很显,91
得分,91
避免,91
赶,91
耐,92
奔,92
下脚,92
没给,92
偏重,92
达,92
是布,92
下楼,92
接近,92
休息,93
退钱,93
掌,93
操,93
惊人,93
看似,94
采用,94
在于,94
挂牌,94
够用,94
泡,94
优雅,94
相似,94
飞快,95
严谨,95
挺薄,95
接触,95
内敛,96
干爽,96
表,96
填写,96
完善,96
想起,96
祝,96
好坏,96
欠佳,96
查过,96
烦,96
说不完,96
搭扣,96
做到,97
挺大,97
羡慕,97
扎,97
来得,97
朴实,97
抱怨,98
受到,98
感动,98
打包,99
踩水,99
指望,99
挺酷,99
取,99
象是,99
亲,100
卖完,100
控,100
省得,100
显小,100
不宜,100
不住,100
正平,101
给退,101
具有,101
松紧,101
要断,101
晕死,101
可见,101
不成,101
嫩,101
离,102
瘪,102
散,102
很贵,102
下雪,102
冒,102
没码,102
出色,102
发来,102
了买,103
起脚,103
忍,103
走走,103
知足,103
很艳,103
买给,103
夹脚,103
空,104
没图,104
摔倒,104
落差,104
脱落,105
碰上,105
看起,105
陪,105
外露,105
显旧,105
成熟,105
补发,105
对得住,105
做功,106
减肥,106
合身,106
包和,106
回答,106
闻,106
买买,106
上乘,107
喜好,108
能换,108
只值,108
磨坏,108
是从,108
清晰,108
犀利,108
没坏,109
足足,109
看重,109
点亮,110
好好看,110
漏,110
绑,110
贴合,110
转让,110
做好,110
惊讶,110
稳重,110
看能,110
复杂,110
划得来,110
恨,110
搞错,111
出血,111
翘,111
顺畅,111
达到,111
作用,112
可言,112
特殊,112
起來,112
损坏,112
进货,112
上脚,112
寄,112
舍得,113
考证,113
抢眼,113
接,113
结合,113
真伪,114
强烈,114
保修,114
计较,114
想退,114
缺,114
号称,114
越做越,114
支付,115
比如,115
看不到,115
要换,116
淡,116
奢望,116
涂,116
减价,116
造成,116
反光,116
聚,116
受,116
买少,116
买对,116
接收,117
最小,117
买长,117
除臭,117
知,118
认识,118
发出,118
承认,118
磕,119
拿出,119
作,119
不可,119
没发,120
赞赞,120
依赖,120
签收,120
看错,120
还给,120
露出,121
香,121
冻,121
肥大,121
没选,121
等于,122
没来,122
凑和,122
吼吼,122
发掘,122
拆,123
送错,123
欠缺,123
挺好用,123
挺准,124
翻,124
喜歡,124
很重,124
算不算,124
缓,125
囤货,125
下降,125
固定,125
未知,125
没送,125
沾水,125
合穿,126
糟糕,126
表现,127
服,127
起泡,127
裂,127
操作,128
挺白,128
干,128
挤压,128
低于,128
留下,128
沟通,128
哦哦哦,129
扎眼,130
随,130
耽误,131
防,131
缝,131
结束,131
改,131
震,131
怀念,131
理解,132
回去,132
磨合,132
要选,132
携带,133
换来,134
没到,134
令,134
用于,134
钉,134
采购,134
赠,136
平整,136
遛弯,136
想着,137
笨重,137
安心,138
平,138
近,138
提货,139
忙,139
能否,139
提前,139
较厚,140
站,141
要命,141
显瘦,141
出货,141
不久,141
不靠,142
占,142
推出,142
残留,142
帮助,143
夸张,143
存在,143
不满,144
增加,145
新酷,146
放松,146
回到,146
挺硬,146
敢,147
不愧为,147
观看,148
即,148
最合适,149
宽大,149
减,149
看上,150
反馈,150
偏贵,151
蛮轻,151
帮忙,151
硬硬,151
飞,152
支撑,152
上有,152
怕麻烦,152
展示,152
不滑,152
穿不下,152
不适,153
得体,153
不硬,153
挺正,154
追求,154
低廉,155
矮,155
寄过来,155
留意,155
反,156
改变,156
搁,156
不失,156
穿厚,156
纯,157
不退,157
接到,157
付,158
上看,158
超慢,159
碰到,160
没换,160
浓,160
欺骗,160
愿意,161
进行,161
费,161
没号,162
粘合,162
滿意,162
恢复,162
求,163
附送,163
闷热,164
爬,164
平衡,164
柔和,164
告知,165
没看,165
肥瘦,165
取消,166
分享,166
湿,166
诱惑,167
乐,167
搞定,167
使,167
来讲,168
掉价,169
急,169
去取,169
替换,169
不来,169
伤,169
包包,170
脱,170
忘记,170
丢,171
跌,171
裂开,171
享受,171
错过,172
骗,172
抢来,173
很足,174
来得及,174
得买,174
刮,174
适,174
磨掉,175
买进,175
上网,175
上写,175
踏实,175
审核,176
造,176
要大,176
一大,176
不显,176
蓝,176
先买,177
承诺,177
处有,178
撑,178
忠实,178
修脚,179
觉,180
算值,181
传上去,181
扁,181
要长,181
挑选,182
横,182
协调,182
绿,183
惯,183
骚,184
清,184
很挤,184
刷,184
刺鼻,186
软硬,186
印,186
光临,187
提示,187
塞,188
无语,188
饿,189
超出,189
折腾,190
囤,191
备,191
再有,192
瞎,192
了穿,192
穿坏,192
试试看,194
免,194
抱,194
过于,195
拆开,195
强多,196
包脚,196
摆在,197
加大,197
评,197
网购,197
想到,198
托,198
满意哦,198
见到,198
传,198
肥,199
清洁,199
负责,199
撒,199
犹豫,200
提交,200
懂得,201
谨慎,202
流行,202
佳,202
最差,203
行走,204
不好意思,204
不止,205
显大,205
没得,206
表示,206
代购,207
了解,207
买过,209
舍不得,209
转,210
光滑,211
干活,212
改善,214
完成,215
递给,217
心疼,217
通知,218
沾,218
舒心,219
逼,219
感到,219
获得,220
忘,220
清新,220
发觉,221
鉴定,222
超过,223
成,223
发生,224
独特,226
很亮,226
出差,229
突出,230
光顾,230
需,230
挂,231
较薄,232
邮寄,232
扣,232
很脏,232
不大,233
厚重,233
订购,234
没收,234
蛮高,234
较差,234
很烂,234
暂无,234
优秀,235
懒,236
软软,236
隔,237
期望,239
回,239
选错,239
注明,239
牢固,240
返修,240
勒,241
较瘦,241
仿,242
不累,242
确认,244
稳定,244
稍差,244
显眼,244
便捷,245
吸汗,246
催,246
淘,247
购,247
外出,248
痛,250
拖,250
住,251
醒目,251
回复,251
谢,251
暖,253
相当于,254
很滑,254
穿越,256
打脚,256
不小,256
费劲,257
看不出来,257
扔,258
不磨,258
贴心,259
买下,259
要好看,260
带来,261
晒,262
精美,263
够快,263
最低,265
解决,265
有没有,265
标注,266
很厚,268
艳,269
合,272
提供,272
选小,273
试过,273
挺软,273
幸运,274
失败,274
参加,277
提,278
周到,280
投诉,282
加强,282
不换,282
尖,283
太软,283
辛苦,284
适用,284
摆,284
玩,284
满足,285
害,285
告诉,285
意外,286
跳,287
挑剔,287
可爱,287
涨,288
健身,289
加上,290
艳丽,290
凑活,290
买好,290
品,291
没见,292
亏了,293
奇怪,293
导致,293
别扭,294
必填,294
缺陷,295
代买,296
挺厚,297
高仿,299
略有,299
较窄,300
出手,301
看出,301
赠送,302
较软,305
硌,305
可说,305
得到,305
决定,306
问,307
凑,308
没了,308
看不出,308
位置,309
相差,310
買,310
观察,313
上当,314
预想,314
冲,316
怪,316
付款,316
挺,320
粗,321
取货,322
谱,322
想像,323
增高,323
讲,323
选购,323
细,324
修长,325
不易,325
调换,326
捡,327
精良,328
鲜亮,329
购得,330
提醒,331
亏,332
吸引,333
解释,336
类似,337
保养,339
降到,340
但愿,341
不让,342
看过,343
歪,344
重新,344
保持,345
没试,345
棒,346
首选,346
清理,347
进,348
不赖,348
很小,350
没错,352
很硬,353
发错,354
具体,354
很薄,358
凑合着,358
完好,359
适宜,359
加油,360
放在,361
超市,364
纠结,365
跟,367
想想,368
对比,368
必备,368
看好,370
回忆,370
对称,371
查询,371
超赞,372
遇到,373
装,373
沉,374
踢,375
破损,376
要买,377
踩,377
愉快,378
良好,380
发表,381
变,383
晓得,387
靓,387
反映,391
炫,391
开裂,394
透风,395
完整,396
断,399
选大,400
等待,400
很窄,400
逛街,400
进水,402
退换,402
制造,403
重量轻,403
找到,405
显脚,407
穿出去,410
摸,415
说好,416
很瘦,417
备用,418
应,419
开车,420
慎重,423
最,426
不符,427
拿来,427
掉色,428
较大,429
打滑,433
更换,433
退掉,434
皱,434
嫌,436
穿上,438
发黄,446
出门,449
买错,451
足够,452
赚到,453
靠,454
惊喜,455
系,456
成功,457
想换,458
黄,458
出入,459
怀旧,464
变成,464
慢跑,465
相符,467
远,471
幸好,476
难受,476
压,476
不愧,476
认为,479
潮,480
厉害,480
蛮快,487
准确,488
准,488
退款,488
挑,490
不錯,491
作为,492
比起,492
略显,492
锻炼,493
显示,494
最爱,495
给换,496
上买,504
看中,506
出汗,507
勉强,508
不准,509
靓丽,509
凉爽,512
正规,517
磨破,521
记得,521
简陋,522
感,522
安,523
早,525
超轻,527
没事,532
换成,539
提高,540
买入,553
表扬,562
超好,562
死,564
拍,570
还过得去,574
收,574
相比,580
过关,582
凉,584
红,585
擦,586
咯,587
改进,589
能够,589
粘,591
很爽,599
确定,601
晕,604
过硬,611
拉,612
短,612
好用,612
帅,612
折,616
开,616
宽松,618
年轻,622
见,623
没买,624
扎实,625
很高,625
懂,626
缓冲,634
清洗,638
有点像,639
抓,642
验证,646
下手,649
打理,651
说明,655
参考,657
烂,658
如,659
想要,660
买不到,662
还成,679
上,680
松,680
弄,680
清爽,680
快捷,682
不合,684
开心,685
买比,685
试了试,685
拿下,687
叫,689
穿起,690
垫,700
算了,702
感谢,702
丑,702
累,705
了下,707
就算,707
夹,711
遗憾,715
描述,715
亮丽,715
浅,715
很值,715
无敌,717
很酷,720
买完,721
错,722
适应,723
期待,724
看见,726
显,729
完,730
说穿,733
待,736
根本,739
想买,740
打算,744
挺值,746
关注,749
查,751
不想,752
重要,753
细致,759
等到,766
到位,767
正版,768
出去,781
还算,789
折扣,793
专卖,801
下雨,823
不同,831
易,834
防水,838
减震,840
较硬,854
偏窄,863
好评,864
贴,864
属于,868
上班,870
分,875
足,894
保护,905
给力,906
胖,909
出现,910
透,922
加,926
请,926
符合,933
进去,937
赚,943
购价,943
轻薄,963
发,964
闷,965
疼,970
留,973
感受,978
顶,990
包,992
挺轻,996
介绍,996
清楚,1002
听说,1008
深,1008
过得去,1016
不爽,1016
用来,1019
超高,1026
考虑,1036
据说,1045
合算,1051
臭,1055
滴,1062
保障,1072
简洁,1082
没法,1083
怕,1084
看来,1085
掉,1091
定,1097
是否,1118
最大,1122
看看,1123
拥有,1123
耐看,1134
没用,1148
回来,1156
可靠,1158
找,1160
包裹,1164
配送,1210
亮,1216
精致,1221
破,1222
才能,1223
轻松,1224
难,1227
入,1228
低调,1234
放,1234
降,1240
写,1261
打开,1264
滑,1264
听,1275
显得,1286
满,1292
担心,1294
订,1299
强,1306
促销,1307
假,1320
严重,1320
爱,1322
洗,1328
很轻,1339
挺好,1343
捂,1369
花,1376
完美,1380
超快,1389
坏,1393
带,1400
准备,1418
后悔,1419
处理,1421
送来,1428
信得过,1467
没货,1481
倒,1513
太薄,1539
出来,1543
新颖,1557
出,1563
磨,1567
少,1580
下,1581
鲜艳,1600
怀疑,1609
凉快,1626
不贵,1628
跑,1648
不算,1666
保暖,1668
够,1671
旧,1718
搭,1722
像是,1743
很棒,1763
不,1772
厚实,1781
继续,1787
不行,1808
产,1822
全,1849
懒得,1851
适中,1866
挺快,1892
要求,1930
打折,1933
有待,1944
偏大,1944
送到,1945
不用,1946
难看,1949
热,1968
接受,1971
选,2000
无,2006
干净,2026
肯定,2057
穿上去,2084
粗糙,2095
购入,2111
最好,2116
配,2134
需要,2141
精细,2142
拿,2142
平常,2144
久,2155
算是,2163
不到,2166
行,2206
蛮好,2207
很大,2234
不了,2236
郁闷,2251
走,2251
不太好,2281
可,2326
到货,2352
白,2369
重,2380
黑,2380
心得,2416
失望,2423
不够,2468
打球,2475
送给,2482
貌似,2485
太慢,2498
暖和,2598
搞,2601
新,2609
申请,2612
很软,2622
柔软,2627
单薄,2646
耐用,2671
抢到,2681
不知,2691
简单,2697
保证,2751
冷,2763
老,2828
超,2838
明显,2942
偏瘦,2949
慢,2991
卖,3039
强大,3049
防滑,3081
估计,3102
耐磨,3124
值,3139
凑合,3205
做,3274
选择,3301
正合适,3336
注意,3347
起,3354
厚,3392
实在,3450
打,3499
挤,3506
实用,3545
放心,3635
低,3684
相信,3700
搭配,3752
休闲,3762
买来,3825
买到,3830
软,3847
穿过,3859
抢购,4028
看到,4082
只能,4083
拿到,4146
安踏,4232
穿穿,4363
很,4374
不会,4400
赞,4508
抢,4553
可惜,4597
让,4673
开始,4673
长,4685
退,4758
试,4785
方便,4808
推荐,4949
换,5150
入手,5208
还有,5266
不足,5331
想,5336
看上去,5382
宽,5431
像,5599
紧,5667
去,5736
来,5740
不能,5986
快递,6010
试穿,6030
支持,6139
贵,6141
耐穿,6227
差,6238
脏,6406
对得起,6431
使用,6497
好像,6579
可能,6935
瘦,6961
包装,7021
轻巧,7065
划算,7171
退货,7357
希望,7533
呵呵,7603
窄,7870
正好,7878
薄,8040
收到,8108
买大,8341
容易,8449
觉得,8655
偏,8941
看起来,9497
没穿,9982
码,10609
看着,10899
送,11115
会,11629
能,12080
帮,12089
算,12196
到,12406
很好,12825
还行,12919
看,13081
团购,13468
超值,15253
还好,16889
要,17387
知道,18121
购买,18548
轻,18820
值得,20014
应该,20447
漂亮,20673
说,22686
适合,23978
快,24287
轻便,24889
高,26562
一般,26566
硬,26668
送货,27395
合适,27599
做工,29649
起来,29805
满意,30099
小,36991
有,39031
舒适,40201
没有,51998
喜欢,52576
大,54136
好看,54365
穿,91876
是,93310
便宜,96043
穿着,96095
买,114182
舒服,117670
好,176379
不错,240256
没,483327
发现,487667
