打场,1
小腿,1
粘合剂,1
所,1
羽鞋,1
娘子,1
弱点,1
弟妹,1
货运公司,1
底重,1
装货,1
观点,1
皮是,1
本鞋,1
等外品,1
外屏,1
酸葡萄,1
长条,1
全长,1
能求,1
母鸡,1
符号,1
进货关,1
老父亲,1
號碼,1
桃红色,1
两位数,1
空气,1
產品,1
我司,1
净东,1
日益,1
暗绿色,1
回家吧,1
有序,1
正厂,1
总想,1
太帅,1
舌,1
步子,1
儿求,1
大厦,1
圆盖,1
周期长,1
重阳节,1
短肥,1
嗅,1
鞋太长,1
借口,1
凹处,1
跖骨,1
灰鞋,1
硬邦,1
开业,1
处略,1
坑里,1
肉骨粉,1
果冻,1
大味,1
时间差,1
地量,1
士,1
仿鞋,1
劲选鞋,1
色料,1
打人,1
产东,1
牢骚,1
短裙,1
拍子,1
松,1
中文名称,1
大塞,1
等物,1
吊,1
大夫,1
总用,1
单脚,1
皮纹,1
时代广场,1
专业级,1
航行,1
雌雄,1
物是,1
异形,1
低价商品,1
喷漆,1
受伤害,1
防鞋,1
总人,1
散热器,1
点滴,1
泉,1
晚自习,1
化妆棉,1
冲击力,1
信益,1
手机号码,1
纸盒包装,1
穿衣,1
纤维材料,1
烧包,1
香槟,1
鞋易脏,1
仿冒品,1
短期内,1
优惠期,1
傻,1
客运,1
臭鞋,1
冰爪,1
好消息,1
豆是,1
衣饰,1
障碍,1
标好,1
踪影,1
电视,1
流程图,1
少女,1
交味,1
掌,1
韧带,1
皮像,1
欧酷,1
事态,1
脚带,1
知青,1
區,1
成年人,1
支架,1
老刷鞋,1
宾语,1
网绒,1
乐,1
特點,1
都象,1
时速,1
圆弧,1
停机,1
宇宙,1
树胶,1
個性,1
羽毛球队,1
被扣,1
层楼,1
纸上谈兵,1
周年纪念,1
皮夹,1
人力物力,1
干撒额,1
免费发,1
绒面,1
大船,1
刚套,1
真实感,1
末班车,1
信用,1
实用品,1
主语,1
价报,1
产鞋,1
价拉,1
踝的,1
邪行,1
订号,1
俱乐部,1
细菌,1
星鞋,1
状物,1
光变,1
橡膠,1
亚麻,1
淑女,1
逸胶,1
商場,1
时折,1
粘和,1
陆地,1
外销,1
分厂,1
公共场合,1
羽毛球拍,1
当家的,1
禮物,1
中帶,1
会扣,1
人太差,1
悬空,1
气势,1
鞋属,1
八,1
仪,1
码缺,1
待遇,1
绑绳,1
小厂,1
异议,1
杀伤力,1
黑心,1
鞋套,1
百分制,1
具体地址,1
雄鹰,1
旅鞋,1
小哥,1
郊县,1
鞋定,1
绒绒,1
金顶,1
不济,1
价码,1
无胶,1
鞋员,1
結果,1
上色,1
老媽,1
码牌,1
成份,1
商人,1
玩票性质,1
码略长,1
污,1
市中心,1
有益,1
实操性,1
往外面,1
个区,1
不团,1
春款,1
黑漆,1
泵,1
走下坡,1
照例,1
不送券,1
水泥厂,1
直言,1
动态,1
孩,1
脸子,1
个团,1
名,1
色鬼,1
胖会,1
的券,1
电信,1
嫌,1
跑马,1
投气,1
对准,1
小毛,1
样能,1
后觉,1
口碑,1
选者,1
码有货,1
半死,1
码应,1
晚礼服,1
雨地,1
专区,1
时太,1
心备,1
谣言,1
粗线条,1
胖哥,1
老牛,1
活儿,1
小球,1
五道口,1
造工,1
胎,1
六码,1
女号,1
服贴,1
氣,1
过地,1
整体感,1
单簿,1
前款,1
声响,1
筋斗,1
球技,1
性家,1
證據,1
会事,1
连胶,1
人力,1
港币,1
内邦,1
乘车,1
外来货,1
动笔,1
男性化,1
異味,2
线丝,2
标白,2
玩板,2
公车,2
官僚,2
天价,2
嫌肥,2
降,2
驼灰,2
译文,2
头片,2
比鞋,2
扣襻,2
外号,2
长款,2
土块,2
灰边,2
霓虹,2
资金,2
飞线,2
脚松,2
作品,2
鞋臭,2
甲板,2
鞋膛,2
盲目,2
屋,2
正卡,2
单袜,2
总提,2
顆粒,2
层层,2
神级,2
哑光,2
锈点,2
陌生人,2
来日方长,2
意识,2
分裤,2
合格证书,2
登场,2
总破,2
外墙涂料,2
锋线,2
混分,2
编织物,2
小家子气,2
总的,2
老鸟,2
锈,2
變形,2
快捷键,2
裂质品,2
套话,2
太费鞋,2
穿衣服,2
书生,2
粘脚,2
院,2
刷机,2
深黄色,2
中心线,2
孔会,2
亲身经历,2
网管,2
人觉,2
外网,2
板货,2
女色,2
白血病,2
流水线,2
冤,2
洋华堂,2
网拍,2
时胶,2
优秀品质,2
保户,2
根包,2
副牌,2
色块,2
协会,2
误导性,2
银白,2
土褐色,2
弱小,2
动,2
缝里,2
领货,2
有才,2
浓,2
百乐,2
机构,2
有机,2
有木,2
内料,2
头会,2
横标,2
券有木,2
干地,2
乐意,2
来路,2
睁大眼睛,2
人试码,2
友们,2
后带,2
白线,2
赠人,2
味包,2
条形码,2
厅堂,2
大节,2
屁话,2
鼻子,2
大舅,2
随脚,2
网评,2
大胶,2
请学,2
速度感,2
黏上,2
往前面,2
穿桌,2
合式,2
象皮,2
死因,2
柔润,2
封箱,2
所心,2
二姨,2
政要,2
住校,2
好书,2
家用,2
硬件,2
次鞋,2
昵称,2
例子,2
格力,2
骨折,2
选鞋,2
下脚料,2
我觉,2
粘上,2
刀,2
好值,2
常人,2
箱,2
着力点,2
裤会,2
毁色,2
常会,2
散架,2
等值,2
风火轮,2
角料,2
带式,2
平路,2
隔纸,2
懒点,2
金字招牌,2
地儿,2
坑害,2
泥泞,2
稻田,2
动心,2
鞋地,2
码小码,2
月全食,2
我,2
纱面,2
换来换去,2
官话,2
工作日,2
高折,2
跳楼价,2
喽狗,2
小侄女,2
价格牌,2
中求,2
用鞋,2
下地,2
深表,2
身轻,2
好极,2
所得税,2
亲友们,2
感号,2
漆面,2
小样,2
涨,2
棉网,2
脸儿,2
凉块,2
的哥,2
岛国,2
面太,2
孩爱,2
号拉,2
容积,2
跑者,2
别款,2
性号,2
硬盘,2
中端,2
经念,2
偶家,2
鞋王,2
工装裤,2
不相称,2
汗水,2
死机,2
交流,2
垫纸,2
马数,2
真面目,2
猪笼,2
工夫,2
价少,2
鞋灰,2
虎纹,2
奶粉,2
摩术,2
要值,2
驻地,2
四码,2
郵政,3
新闻,3
精力,3
不断扩大,3
小块,3
普通百姓,3
银川,3
地软,3
零星,3
文笔,3
虎躯,3
出毛病,3
会小,3
农家,3
老豆,3
静音,3
网购省,3
芝灰,3
西装,3
正号,3
男同事,3
含量,3
好货,3
公积金,3
漆点,3
夜场,3
差货,3
做式,3
秋款,3
弊,3
力学,3
皮版,3
裁缝,3
电视节目,3
直线,3
标是,3
同类项,3
大卡,3
开点,3
玩球,3
地址栏,3
全脚,3
移民,3
大块,3
砖,3
中饭,3
资资,3
码靠谱,3
狗眼,3
大嫂,3
户外用品,3
镉,3
用水,3
小风,3
脚略,3
新貨,3
大孔,3
二话,3
香水味,3
脚眼,3
大廠,3
店员,3
精仿,3
做东,3
在实践中,3
杯具性,3
右,3
茧子,3
广告词,3
新时空,3
真火,3
水砖,3
同价,3
人行道,3
颠儿,3
撑子,3
宾馆,3
苍蝇,3
无线,3
火警,3
态度端正,3
教育厅,3
上点,3
蜂窝,3
姥爷,3
管理工作,3
波鞋,3
泳衣,3
欠考虑,3
冒牌货,3
塞纸,3
水盆,3
太素,3
货正质,3
大泡,3
给你个,3
把戏,3
品类,3
靴带,3
皮制,3
洋,3
同属,3
面巾纸,3
便利店,3
内径,3
论证,3
符合国家,3
为题,3
定义,3
淡定,3
特麦,3
網,3
风清,3
标会,3
购货,3
籃,3
积脚,3
跳线,3
号会,3
尖长,3
款号,3
狂鞋,3
瓜,3
太伤,3
男同胞,3
摄影,3
商厦,3
购友,3
不省,3
浅点,3
滑顶,3
心气,3
下点,3
踝,3
泥点,3
发力,3
刮胡刀,3
器,3
下线,3
底太,3
可拆式,3
上镜,3
邮政法,3
分包,3
犄角,3
单呢,3
常价,3
需垫,3
婚纱照,3
大雁,3
大院,3
团太,3
纱,3
购买价,3
寡人,3
重提,3
結實,3
苗条身材,3
火狐狸,3
漏土,3
货杯,3
透沙,3
洗涤液,3
来源,3
印痕,3
國際,3
卧底,3
专业知识,3
非主流,3
八孔,3
形影,3
包鞋,3
鞋刷,3
烧高香,3
浮灰,3
保密,3
全点,3
漏泥,3
烟台,3
发的,3
石头路,3
名鞋,3
城区,3
原码,3
魔,3
费时间,3
气味儿,3
走型,3
特例,3
特磨脚,3
楞是,3
月色,3
缺口,3
红缀,3
帮口,3
月工资,3
红线,3
步行街,3
標記,3
配料,3
国然,3
立场,3
轻量化,3
条例,3
驴友,3
红条,3
水珠,3
码尺,3
手动,3
法律责任,3
偏号,3
比标,3
鞋筒,3
特征,3
晚饭,3
带狗,3
蓝条,3
口水,3
男试,3
长项,3
中略,3
染,3
污滓,3
摸脚,3
个体,3
证书,3
一模,4
世纪,4
传闻中,4
后掌,4
弟子,4
目光,4
电动车,4
缓震性,4
本金,4
订门,4
用皮,4
漫水,4
沉重感,4
欢途,4
水床,4
星球,4
标粘的,4
先量,4
袋袋,4
冷水,4
作图,4
色盲,4
通商,4
小说,4
蹄子,4
太寒,4
脾气,4
黑子,4
绳圈,4
跑线,4
列表,4
闲工夫,4
非典型,4
透透气,4
单间,4
粘边,4
高标准,4
绸布,4
头次,4
花艺,4
化学品,4
孩买的,4
暴差,4
爱玩,4
路会,4
能力差,4
松线,4
耐用品,4
根法,4
脚端,4
恶毒,4
部是,4
区别对待,4
细分,4
美标,4
产品品质,4
弧形,4
团队,4
出厂价格,4
红眼,4
台阶,4
物流网,4
腳型,4
深点,4
大太,4
馬,4
模样儿,4
天坛,4
常花,4
物料,4
虎鞋,4
内牛,4
硬子,4
能透点,4
土印,4
次码,4
烂路,4
内会,4
脚人,4
板行,4
烘干机,4
网眼布,4
批量生产,4
衬垫,4
牛子,4
流行色,4
虚标,4
补水,4
自作主张,4
双纽,4
计算方法,4
腰部,4
要力,4
修点,4
过会方,4
评两星,4
庄家,4
流量,4
压根,4
三球,4
网球拍,4
省份,4
标就,4
开盒,4
家长,4
外省,4
满面,4
无皱,4
下楼梯,4
厚袜,4
齿状,4
胶丝,4
双节,4
股价,4
集体,4
英标,4
内应,4
手推车,4
故障,4
晚定,4
炮,4
圖,4
食,4
般长,4
历任,4
褶痕,4
硫化橡胶,4
瘦身,4
胶类,4
化纤,4
爱家,4
青虫,4
良友,4
取景,4
样图,4
长带,4
心房,4
帽子,4
底和皮,4
态,4
可码,4
称号,4
海棉,4
基部,4
全吸,4
老火,4
班人,4
炒菜,4
任务,4
模型,4
切口,4
单上,4
酒精,4
铅灰色,4
图物,4
口头,4
间隔,4
裤口,4
低值,4
面板,4
修鞋,4
大赛,4
窗台,4
男版鞋,4
黑底,4
收货人,4
男重,4
形势,4
小刀,4
机灵,4
载,4
艺术,4
閒鞋,4
全天候,4
脚伤,4
领略,4
时象,4
冰脚,4
散气,4
水磨石,4
方格,4
管道,4
冻天,4
鞋合,4
特别强调,4
火葬场,4
鞋团,4
轮流,4
世界级,4
好度,4
鞋儿,4
时尚杂志,4
工作服,4
中友,4
偶灰,4
码和,4
篮,4
电工,4
针孔,4
自量,4
孝感,4
字状,4
缺德,4
小摊,4
内衣,4
寒心,4
架子,4
底用,4
足球队,4
里量,4
常理,4
识货,4
柳叶胶,4
收件人,4
胆,4
杂说,4
杂质,4
潜力,4
陪村,4
牙膏,4
统一标准,4
键盘,4
卖鞋,4
体育台,4
现像,4
野路,4
亮骚,4
天气预报,4
港台,4
我料,4
樱桃,4
组织者,4
措施,4
雨靴,4
银行,4
省略号,4
充气,4
最让人,4
温总,4
传统型,4
绒布,4
码因,4
科学合理,4
心脏,4
学问,4
地热,4
时刻,4
破洞,4
导电,4
质检员,4
话务,4
时发,4
纤皮,4
全湿,4
专店,4
脚单,4
粘扣,4
籃球,4
红款,4
脚腕子,4
公牛,4
总量,4
码先,4
色系,5
事务,5
空空,5
新风尚,5
經濟,5
法子,5
老理儿,5
一连串,5
能加层,5
记,5
绳带,5
怪罪,5
丝,5
底鞋,5
透明度,5
亲朋,5
商铺,5
黏贴,5
功劳,5
蓝鞋,5
住院,5
连护踝,5
鸟巢,5
砂纸,5
通向,5
批号,5
灰身,5
黄渍,5
男网,5
浅绿色,5
子划,5
大势,5
转运站,5
單,5
大厅,5
壳里,5
包太,5
拖地板,5
成人,5
嗅脚,5
店家,5
行路,5
蛮土,5
一统,5
套票,5
鲜品,5
原话,5
人世间,5
我侄,5
胶粒,5
年长者,5
回帖,5
民心,5
化工,5
变皱,5
黑面,5
货迪牌,5
顶尖,5
貨感覺,5
亮相,5
口袜,5
皮包公司,5
鸡皮,5
蓝花,5
太乱,5
一用,5
软鞋,5
名单,5
收益,5
内力,5
凉风,5
眼泪,5
外管,5
音乐,5
锥形,5
白条,5
刀割,5
首席,5
码行,5
樓梯,5
事理,5
薄纱,5
会长,5
坚固耐用,5
贵重物品,5
飞尘,5
快下班,5
电货,5
肉眼,5
网易,5
生病,5
将价,5
保值,5
最低点,5
海蓝,5
运动包,5
灌胶,5
虾米,5
路游,5
病,5
亮堂,5
芒果,5
百仑,5
邮箱,5
竞争对手,5
员范,5
滑梯,5
数码商城,5
餐具,5
回事儿,5
保护膜,5
物价水平,5
圈子,5
怀旧感,5
书包,5
品正,5
貨物,5
真款,5
用会,5
样儿,5
礼貌,5
褡裢,5
世达鞋,5
大道理,5
点状,5
儿童用,5
脚劲,5
爱款,5
项目组,5
积,5
货美,5
能带,5
进口品,5
风骚,5
雷,5
马粪纸,5
影星,5
比套,5
数据,5
舞鞋,5
通風,5
活扣,5
工料,5
柠鞋,5
现眼,5
泳池,5
行军,5
个神,5
量身,5
小商品,5
细数,5
刹车油,5
布局,5
主色调,5
糙布,5
质朴,5
不输给,5
按钮,5
平地,5
塑型,5
雨点小,5
淋水,5
人手,5
结构设计,5
边角料,5
粘劳,5
高压,5
经管,5
毒害,5
溪,5
品德,5
精英,5
错失,5
笔记,5
鞋库,5
力量型,5
前女友,5
兽人,5
脑筋,5
售货,5
脱毛,5
货比,5
官腔,5
仔细观察,5
货新,5
气死人,5
上车,5
后腿,5
证是,5
段距离,5
不报,5
老兄,5
软性,5
规律,5
瓷板,5
站线,5
垫层,5
钟,5
新作,5
多用途,5
附属物,5
力鞋,5
问道,5
成仙,5
论斤,5
代價,5
利益,5
飞速,5
购物车,5
阵子,5
孑买的,5
速干,5
橄榄绿,5
花边,5
公开场合,5
高手,5
食堂,5
报号,5
国情,5
脚选鞋,5
除菌,5
铁灰,5
漏气,5
深褐,5
服务生,5
红皮,5
真他妈,5
鞋梁,5
个垫,5
感刚,5
部队,5
条太,5
看破红尘,5
侧翼,5
季末,5
酒席,5
可任意,5
特易脏,5
发粘,5
鞋松,5
肥牛,5
行物,5
介格,5
夹趾,5
标志牌,5
图号,5
刚用,5
棕榈泉,5
粘牢,5
旧标,5
肥皂,5
盖板,5
美金,5
里额,5
鞋拔,5
零花钱,5
同色,5
感,5
宝鸡,5
灯光,5
货全,5
元袋,5
贱骨头,5
河南人,5
窝,5
鞋翼,5
码差,5
俗码,5
全是,5
马桶,5
蓝款,5
特差,5
面层,5
皮靴,5
百计,5
铬,5
体感,5
资深,5
道白,5
特价品,5
时健,5
素静,5
农民工,5
粘条,5
名誉,5
字棒,5
寝室,5
磨擦力,5
浑身,5
身通,5
紧俏货,5
总代理,5
矮油,5
性状,5
百荣,5
特团,5
领袖,5
骂人,5
碼實際,6
中轻,6
行额,6
球馆,6
胶纸,6
快件,6
台资,6
提高质量,6
赞鞋,6
小钱,6
双方,6
材制,6
脚桥,6
鸡屎,6
小脚趾头,6
太块,6
日剧,6
爆皮,6
事宜,6
实价,6
实事,6
被压,6
乒友,6
高价位,6
纱网,6
刷点,6
万值,6
彩票,6
市长,6
定形,6
地理位置,6
利,6
物理,6
大办,6
后悔药,6
开发区,6
保法,6
动静,6
欧式,6
底仓货,6
用性,6
组团,6
經典色,6
推货,6
内笼,6
影,6
贵死人,6
脚算,6
概率,6
年份,6
糙,6
雕花,6
长码,6
压力锅,6
成衣,6
专业人士,6
大姐,6
概论,6
条条,6
皮纸,6
烧香,6
小點,6
双能,6
总串,6
我码,6
醋,6
圖片,6
分辨真假,6
買鞋,6
面议,6
连带,6
钢丝网,6
冰箱,6
佣金,6
肌離,6
浓味,6
指标,6
双键,6
真省,6
木质,6
運氣,6
世奇,6
真章,6
铁丝网,6
排骨,6
陶土,6
业,6
幻想,6
结论,6
构架,6
大标,6
斜杠,6
平点,6
头儿,6
个位数,6
刮脚,6
輕質,6
误事,6
网购图,6
腳感,6
态度恶劣,6
千值,6
码能,6
标太,6
支撑位,6
假名牌,6
歧路,6
拖类,6
轻巧型,6
销售员,6
专利技术,6
不太想,6
变幛,6
网纹,6
风沙,6
味太,6
排气口,6
透胶,6
关键时刻,6
码顶,6
学期,6
角落里,6
人员培训,6
玩儿,6
压倒性,6
学员,6
大箱,6
粗面,6
原材料,6
外怪,6
网点,6
双胞胎,6
真标,6
杂实,6
厚茧,6
飞人,6
律师,6
伪劣,6
貨真,6
干尸,6
松带,6
九龄,6
汗湿,6
心眼,6
精髓,6
爱心,6
高性价,6
心音,6
旮旯,6
脚印,6
日文,6
教,6
软皮,6
厂名,6
大减价,6
行家,6
领域,6
个牌,6
时段,6
过款,6
门房,6
个球,6
蝴蝶,6
脚骨,6
码树,6
窗子,6
标致,6
蚊子,6
质量体系,6
底带,6
优惠政策,6
长老,6
堂弟,6
古典风格,6
按键,6
发帖,6
高强度,6
滑面,6
草签,6
混蛋,6
蚊帐,6
硬伤,6
束带,6
成就,6
套套,6
笔划,6
靓点,6
脚步声,6
比丝,6
固定性,6
狀,6
细面,6
平行,6
流氓,6
上货,6
强货,6
鞋造工,6
水路,6
站点,6
凭空,6
公婆,6
钢琴,6
小嘛,6
过码,6
厂产,6
植,6
价算,6
九码,6
孩字,6
经的,6
锅底,6
子胶,6
时略,6
犯错误,6
制度,6
關鍵,6
内盖用,6
奖品,6
货总,6
尺度,6
战场,6
鸡蛋,6
女同胞,6
菜汤,6
無法,6
选货,6
后者,6
脚踵,6
走位,6
优品,6
情状,6
品鞋,6
软包,6
二球,6
用量,6
旧恨,6
小杯,6
松紧度,6
短球,6
国际标准,6
黑款,6
底略,6
协议,6
缺号,6
期,6
纸袋子,6
纪念日,6
变臭,6
货刚,6
黄迹,6
大陆货,6
皮边,6
不容,6
大数,6
好帮手,6
老标,6
膝关节,6
皮足,6
原物,6
关口,6
全網,6
图像,6
校服,6
中性化,6
环处,6
片子,6
医院,6
黄金,6
面孔,6
工具,6
时宜,6
小白,6
丐帮,6
照单,6
价好,6
创作者,6
矿,6
口气,6
配油,6
无权,6
蛇纹,6
篮下,6
气死我,6
小箱,6
羽毛球场,6
實驗室,6
交感,6
媽媽,6
呆,6
猫腻,6
面向,6
特大号,6
女女,6
身长,6
小缝,6
人儿,6
单笔,6
调律,6
倾,6
脚泡,7
態度,7
公路,7
土牌,7
纸张,7
名片,7
爆粗,7
发面,7
好肥,7
群体,7
脚汉,7
失望透顶,7
棉靴,7
挂机,7
水塘,7
规范化,7
水孔,7
款款,7
动能,7
不骗你,7
要量,7
水平面,7
踢踢球,7
沟槽,7
款样,7
狗狗,7
碎丁,7
装车,7
信号,7
边栏,7
法师,7
上帅,7
上带,7
袋装,7
棒子,7
夜光,7
文字游戏,7
饮料,7
想象力,7
机头,7
长毛,7
玩水,7
外单,7
无区,7
计划,7
小试,7
脚易,7
起胶,7
部符,7
鞋號,7
马鞋,7
综上,7
服务员,7
真帅,7
藕节,7
公交车,7
能松,7
水坑,7
趾部,7
腿部,7
生小孩,7
机床,7
历程,7
匝数,7
偏尖,7
棘手,7
脚指,7
子侄,7
啊呀呀,7
年长,7
子会,7
書,7
低质,7
跌幅,7
弱智,7
备带,7
约会,7
省点,7
文网文,7
打破记录,7
风云,7
任,7
上体,7
季节性,7
档花,7
鞋间,7
细胞,7
口香糖,7
名次,7
履带,7
球脚,7
物所,7
封胶,7
大妈,7
加号,7
事业,7
量子,7
区话,7
陈货,7
姑父,7
洗易脏,7
铁豹,7
网吧,7
太俗,7
本质,7
淡点,7
电视广告,7
一家人,7
力反馈,7
无票,7
动感地带,7
价联,7
上码,7
用品,7
专利,7
团纸,7
购物狂,7
暗,7
品白,7
标法,7
系松,7
大板,7
钉好,7
胶太,7
发货单,7
门脸,7
电联,7
草鞋,7
赖脏,7
孝心,7
美型,7
纯子,7
阔气,7
斗胆,7
码蓝,7
工装,7
面薄,7
带回家,7
卖品,7
拐角处,7
名店,7
产品图片,7
送礼者,7
色儿,7
责任心,7
课件,7
姐说,7
老态龙钟,7
蛮帅,7
码脚,7
價位,7
亲友,7
步步,7
支撑力,7
力回馈,7
三水,7
白点,7
三流,7
响点,7
瓶装,7
后入,7
是我太,7
天翼,7
真材,7
静电,7
长型,7
急,7
孔孔,7
宽带,7
东友,7
生性,7
脚味,7
粗糙度,7
骂街,7
贡献力量,7
三杠,7
坟,7
底是,7
质面,7
优货,7
报表,7
种地,7
能值,7
队员,7
太泥,7
臭胶,7
招土,7
水杯,7
背带,7
疾风,7
黑白分明,7
品牌设计,7
拖拉机,7
激情,7
采购员,7
观赏性,7
大胆,7
代人,7
插曲,7
反弹力,7
特卖会,7
受力,7
三角形,7
正题,7
危机,7
汗颜,7
扁长,7
不系,7
踝关节,7
复刻版,7
领先地位,7
双重,7
阁楼,7
低密度,7
包色,7
单件,7
经意,7
缓震胶,7
下码,7
摄氏度,7
青灰,7
金花,7
曲,7
术者,7
噻,7
超轻型,7
含义,7
罐头,7
赛事,7
梦,7
功课,7
易耗品,7
衣柜,7
无极限,7
智商,7
脚踝部,7
防尘,7
劳动密集型,7
积汗,7
单儿,7
顺水人情,7
橡胶草,7
补鞋,7
系鞋,7
表现出色,7
学会,7
海綿,7
双板,7
海系,7
垫儿,7
替人家,7
惯用,7
现爆胶,7
很扁,7
人的,7
和鞋,7
真话,7
条杠,7
尸体,7
大风,7
缺憾,7
酷派,7
全线,7
淡紫色,7
图文,7
轧路,7
天儿,7
铁丝,7
人草,7
嫌太,7
货才,7
底太簿,7
阴凉处,7
关,7
置顶,7
价比性,7
号位,7
情人,7
镇,7
黑发,7
帮妹,7
帮姐,7
比网,7
压迫感,7
货强,7
责备,7
分类,7
大头鞋,7
发皱,7
薄型,7
槟人,7
内袋,7
小跑步,7
格算,7
H股,7
防雨罩,7
靓女,7
外罩,7
一色,7
右角,7
家具,7
柏油,7
合作伙伴,7
吸震,7
脑细胞,7
授权书,7
重度,7
棉线,7
家务,7
蓝球,7
鼻炎,7
包夹,7
鞋易,7
私鞋,7
足球赛,7
法国人,7
脚脚,7
土鳖,7
脚色,7
碳胶,7
整块,7
结冰,7
铁打,7
湿,7
诗仙,7
布条,7
玩鞋,7
两极分化,7
轻身,7
时英码,7
粘派,7
领先,7
粘旧款,7
厂方,7
上周末,7
南货,7
摄影师,7
冲动型,7
进口量,7
冻疮,7
客厅,7
系列产品,7
抗压性,7
装置,7
底气,7
伴侣,7
比想,7
毒素,7
任性,7
电影,7
需要的话,7
换算表,7
坦克车,7
天然橡胶,7
计算机,7
中矩,7
吊带,7
敬点,7
师父,7
时分,7
怪脚,7
橡皮,7
内行人,7
地牢,7
双同款,7
咸鱼,7
持有人,7
提室,7
残品,7
运营者,7
红格,7
原想,7
甲,7
祸,7
黑夜,7
乡,7
皮刮花,8
受限制,8
渔网,8
连线,8
筐,8
需脏,8
暖气,8
鞋西,8
填写内容,8
胶底鞋,8
主人,8
七分裤,8
午饭,8
主观,8
旧色,8
岩鞋,8
豁口,8
单贴,8
屋子里,8
缎面,8
一个舒服,8
单车,8
返修货,8
猪,8
大事,8
品店,8
鞋脏,8
果,8
磨皮,8
百货公司,8
民国,8
腿货,8
星仔,8
线属,8
劣质品,8
范例,8
替罪羊,8
分货,8
新学期,8
点对点,8
全皮款,8
费心,8
观感,8
丈人,8
玻璃,8
玩火,8
纯,8
嗝后,8
实心,8
羽,8
回头客,8
表示满意,8
雨点,8
含蓄,8
底衬,8
画面,8
气氛,8
因鞋,8
款略,8
棉氨胸,8
功,8
弹簧,8
白带,8
伤感,8
中速,8
兵,8
袋鼠,8
力哈,8
家额,8
时间段,8
阻力,8
偏蓝,8
热水,8
弓部,8
太皱,8
物价局,8
连锁店,8
骑单车,8
广告费,8
肥肥的,8
时脉,8
时脚,8
厨房,8
随款,8
武器,8
太粉,8
用处,8
中,8
排汗功能,8
刺激性,8
劳动法,8
化工品,8
亲戚家,8
脚塞,8
有板,8
针车,8
内存,8
移位,8
质问,8
同喜,8
圆形,8
标上,8
京卷,8
暧的,8
绊脚,8
机械,8
等品,8
湿水,8
收款,8
革制品,8
跟腱,8
青色,8
铁别,8
芝麻,8
头号,8
粘将,8
弧线,8
特气,8
有面,8
腱止点,8
双白,8
小径,8
线裤,8
棉屑,8
女气,8
手样,8
拉筋,8
影响力,8
声望,8
巅峰,8
老伴,8
有钱人,8
分咯,8
单价,8
施工人员,8
麂皮,8
整治,8
灰常灰,8
模具,8
辨别真假,8
人慎,8
整平,8
人情,8
毛头,8
终极目标,8
鬼家,8
楼上楼下,8
刻痕,8
石板路,8
外衣,8
火焰,8
有脏,8
纸质,8
原单,8
中央,8
工程,8
念想,8
地给力,8
窟窿,8
窗台上,8
人用,8
偏粉,8
挡风,8
要人命,8
妖怪,8
战友,8
发件,8
软毛,8
女码,8
起因,8
四娘,8
梅斑,8
利用,8
特白,8
码点,8
鞋分,8
样试,8
带毛,8
污物,8
花费,8
叶,8
引号,8
德性,8
漏洞,8
羊毛,8
脚裹,8
佣国,8
油滑,8
杏色,8
眼神,8
远景,8
部鞋,8
功能性,8
个头,8
贴鞋,8
抽绳,8
性太差,8
羽网,8
寒假,8
礼宾,8
运动装,8
银灰色,8
乡间,8
牛速,8
手会,8
鞋底儿,8
卫生纸,8
受害者,8
级次,8
蓝灰,8
铁扣,8
心声,8
土色,8
欧,8
标识牌,8
竖条,8
空号,8
券才,8
动码,8
鞋离,8
钟意,8
螺丝钉,8
灰黑色,8
蓝标,8
帮人,8
流野,8
焦闻,8
配液,8
尘,8
要色,8
柠檬色,8
全分,8
铜牌,8
偏小,8
信誉第一,8
底滑,8
量尺寸,8
狗屎运,8
专心,8
折面,8
鞋材,9
衣帽鞋袜,9
金丝,9
太准,9
亲情,9
毛面,9
挖,9
超轻薄,9
彩盒,9
舍友,9
底遇,9
高地,9
消费群,9
速告,9
素气,9
砝码,9
红酒,9
做品,9
咖的,9
天体,9
夹指,9
考量,9
粽子,9
身段,9
纸塞,9
财付,9
错色,9
经受考验,9
边易,9
全世界,9
效,9
私牛,9
少系,9
收尾,9
小摊贩,9
圆润,9
资量,9
刚事,9
室内拖鞋,9
交际,9
有度,9
汽油,9
白人,9
投影机,9
途,9
神经,9
碾压,9
头痛,9
硬质,9
背气,9
水吧,9
精彩,9
亮银色,9
本色,9
讲信用,9
底胶,9
误点,9
出痕,9
玫,9
里料,9
皮皱,9
横,9
乡民,9
码脚感,9
圆点,9
界面,9
專門,9
指导,9
发贼,9
瘦子,9
白头,9
拖地,9
涨回来,9
小马,9
变相,9
古人,9
系平,9
黑道,9
真丑,9
差點,9
棉被,9
疑难,9
手机号,9
自主权,9
前辈,9
主因,9
传略,9
教硬会,9
真牛,9
皮硝,9
侧条,9
用场,9
板角,9
补差,9
坐骑,9
优质产品,9
货收,9
時腳,9
高密度,9
惯,9
不合身,9
飞司,9
噩梦,9
价蛮,9
渠道商,9
金线,9
手袋,9
磨具,9
同型号,9
麻子,9
收窄,9
我用,9
武,9
女同事,9
新百伦,9
楦头,9
少刷鞋,9
脚差,9
工程学,9
贷款,9
肌肤,9
礼节,9
内心,9
姊妹,9
制造业,9
压痛,9
信息系统,9
上述事实,9
冬训,9
条街,9
饰条,9
看码,9
滋味,9
大略,9
时定,9
东单,9
个角,9
花型,9
流胶,9
老龄化,9
拖泥带水,9
镜头,9
消费水平,9
压箱,9
横条,9
京友,9
炸眼,9
菜,9
农,9
冲孔,9
型煤,9
病人,9
件物品,9
命名,9
大面場,9
名义,9
天知,9
系类,9
杂志,9
冒雪,9
鸟样,9
友码,9
琉胶,9
方点,9
穿法,9
球場,9
双面胶,9
棉垫,9
話,9
懒汉,9
好孩子,9
散发出,9
替代品,9
露胶,9
小孩儿,9
成员,9
会理,9
会痛,9
把码,9
闷,9
问提,9
体征,9
足尖,9
订小,9
嗓将,9
弊大于利,9
企望,9
价比,9
电池,9
短处,9
货用,9
球厂,9
触球,9
几针,9
呢绒,9
高价,9
好人,9
针眼,9
乡镇企业,9
棉夹,9
白费,9
货点,9
视野,9
对,9
发家,9
太鸡,9
文,9
鞋背,9
水钻,9
不窝,9
会所,9
臭汗,9
块团,9
板砖,9
现款,9
骚扰电话,9
眼巴巴,9
创可贴,9
间距,9
坑坑,9
球队,9
登鞋,9
单号,9
设,9
日货,9
个把月,9
马力,9
非长,9
塑料膜,9
足侣,9
疵,9
定论,9
前人,9
馅饼,9
想都别想,9
全体,9
高弹,9
和橙,9
手指甲,9
寬度,9
凉板,9
排沙,9
價錢值,9
飞边,9
衬裤,9
双值,9
一段距离,9
关键码,9
聚脚,9
双冠,9
行码,9
家宝,9
校运会,9
建議,9
碼,9
抽点,9
瓷实,9
野,9
送券,9
类,9
直角,9
单据,9
节省时间,9
破点,9
可选性,9
样貌,9
负面,9
鬼才,9
小线线,9
屎,9
电源线,9
国标,9
松胶,9
钮,9
枪手,9
车辆,9
奇遇,9
优就,9
年青人,9
小洞,9
尚需,9
实用主义,9
核心,9
官方网,9
个底,9
一块钱,9
皮贴,9
整圈,9
特男款,9
手册,9
涂胶,9
战神,9
特备,9
全掌,9
板儿,9
小牌,9
认证码,9
死,9
电话号码,9
特尖,9
表面质量,9
半圆形,9
声称,9
真实写照,9
卖货,9
国球,9
时带,9
老字号,9
设计者,9
动物,9
销售量,9
护垫,9
等量,9
员乐,9
缝合线,9
价宜,9
检点,9
遥控器,9
情況,9
结局,9
建义,9
啦啦队,9
爆胶,9
钻石,9
颗粒,9
鞋牌,9
外头,10
滴,10
我妹,10
土点,10
后性,10
寄点,10
横带,10
有型,10
渗出物,10
鞋袋,10
亲,10
卡机,10
寸码,10
塑胶跑道,10
边缝,10
装脚,10
离胶,10
湿纸巾,10
坠机,10
水分,10
榜样,10
用纸,10
小趾,10
最底层,10
卖东西,10
搞了个,10
菊花,10
低邦,10
包装箱,10
盆友,10
肥鞋,10
黑鱼,10
旋风,10
帆船,10
争气,10
速速,10
端线,10
盐分,10
蛮准,10
关键词,10
推卸责任,10
分贷,10
下噶觉,10
脚磨,10
蝴蝶飞飞,10
金子,10
血汗钱,10
实则,10
反盐,10
难产,10
局发,10
标示牌,10
眼太,10
革子,10
主张,10
话务员,10
胭脂红,10
场子,10
杠有,10
棉质,10
材料部,10
体分,10
水陆两用,10
白粉,10
国魂,10
感流,10
爱,10
专营店,10
请举手,10
做人,10
节衣缩食,10
貨員,10
眼儿,10
鞋拔子,10
底裤,10
限度,10
摊,10
总会,10
期末考试,10
开缝,10
好伴侣,10
吸尘,10
手艺,10
胶迹,10
刀切,10
带回去,10
土地,10
未审核,10
深绿色,10
粉墨,10
制造商,10
会球,10
入库,10
订购单,10
纯属巧合,10
有码,10
结账,10
县,10
次球,10
土尘,10
姑姑,10
人能,10
伤口,10
年轻化,10
进口商,10
价都,10
员蛮,10
进点,10
正气,10
少年宫,10
回球,10
皮儿,10
变平,10
雙,10
一带,10
有果,10
添腹,10
家货,10
期限,10
公园,10
洗鞋,10
生涯,10
货请,10
军胶,10
边子,10
古板,10
过节费,10
镜子,10
水深,10
元产,10
记性,10
门滴,10
路摊,10
父子,10
泥路,10
快准,10
货真价,10
水手,10
细纹,10
霉,10
纽扣,10
次,10
助跳力,10
阿家,10
實物,10
指点,10
霜,10
感观,10
当家,10
不業,10
生机,10
半定,10
底单,10
体块,10
次级品,10
的码,10
真皮层,10
接线员,10
喜鹊,10
变质,10
前兆,10
价给力,10
石灰,10
合心,10
嗅味,10
哥说,10
箭步,10
浅粉,10
行帮,10
白蓝,10
员太度,10
老丈,10
散粉,10
散花,10
温度,10
皮味,10
笔图,10
媳妇儿,10
尺,10
红底,10
综合性,10
丑态,10
两球,10
高会,10
二位数,10
小侄,10
福,10
香菇,10
用码,10
购物者,10
碱,10
读度,10
监督局,10
好漂漂,10
真肥,10
八哥,10
代理商,10
坦率,10
革脚,10
寒潮,10
小场,10
鞋实,10
装带,10
行业,10
落灰,10
钢筋,10
货有,10
防划,10
场馆,10
剩胶,10
阶段,10
块头,10
列女,10
路脚,10
防水材料,10
老家,10
杂牌军,10
地域,10
蟑,10
姓名,10
合理化,10
铜,10
真象,10
过云,10
绿底,10
创业,10
蜜糖,10
高分,10
力量感,10
个品,10
处胶,10
月球,10
草场,10
新潮流,10
穿山甲,10
梆梆响,10
服务网,10
软度,10
硬毛,10
寒区,10
弓形,10
实在话,10
文静,10
膜,10
比例,10
分略,10
头面,10
价格战,10
菌丝,10
中想,10
物质量,10
蓝,10
坑洼,10
不划,10
体积,10
价八,10
音效,10
景象,10
宾产,10
牛车,10
鞋绳,10
鞋线,10
篮球比赛,10
公约,10
体格,10
运动队,10
刨冰,10
猫,10
贴袋,10
长霉,10
断脚,10
超群,10
情景,10
价太,10
帐户,10
面具,10
娃子,10
蹬脚,10
男装,10
玫瑰花,10
鞋眼,10
亮酒,10
插座,10
志,10
潮款,10
能长,10
球杆,10
码儿,10
皮才,11
黑边,11
能标,11
试码,11
地质,11
洼桥,11
微分,11
我幅,11
二维码,11
贵硅,11
北体,11
吸力,11
解决办法,11
后款,11
太失,11
產地,11
班车,11
后梆,11
外包,11
身材,11
书服,11
太度,11
交钱,11
妹说,11
一族,11
风场,11
眼帘,11
宏观调控,11
防风,11
收藏者,11
不干胶,11
高速公路,11
趋平,11
先行,11
马路,11
垫鞋,11
宽码,11
先货,11
软骨头,11
涂料,11
车线,11
特價品,11
酬宾,11
顺口溜,11
军,11
女人味,11
另类,11
体育考试,11
纯棉,11
微,11
斑,11
碘,11
黏合剂,11
暴力,11
粘脏,11
大局,11
地难,11
耐用度,11
真牌,11
待机时间,11
野岭,11
部准,11
价能,11
滑线,11
用点,11
鞋撑子,11
阴干,11
插脚,11
无缘,11
棋盘,11
互乐尚,11
城通,11
什吗,11
擦鞋,11
检验员,11
盒样,11
标价牌,11
条长,11
筋,11
网购嘛,11
青,11
透顶,11
穿脏,11
金属色,11
爱世,11
湖,11
放学,11
大洞,11
整鞋,11
热线,11
同屋,11
菌,11
店租,11
支支,11
主义者,11
贡献,11
舒肤,11
骆驼,11
脚幅,11
钉书针,11
街坊,11
惊爆价,11
棒极,11
淋雨,11
太暗,11
硅谷,11
绿衫,11
炮弹,11
汽,11
人鞋,11
顶一顶,11
交,11
篮赛,11
不象,11
包装法,11
粉粉,11
队友,11
鲜红色,11
质材,11
趋,11
万恶,11
时代感,11
办公厅,11
货底,11
年青,11
异香,11
厂址,11
白花,11
关节病,11
自提点,11
盐荒,11
灯市,11
客报,11
女恩,11
内曲,11
性感,11
领教,11
比较稳定,11
脚跟脚,11
老乡,11
香蕉,11
棉布,11
证,11
乘,11
子鞋,11
红心,11
擦痕,11
雷劈,11
球员,11
光图,11
低分,11
压货,11
厂子,11
太麻,11
隐,11
议,11
大象,11
不料,11
断裂处,11
青泥,11
小场地,11
注重质量,11
灰土,11
马代,11
太菜,11
颜料,11
厚款,11
刮码,11
职员,11
师弟,11
针,11
吐气,11
对折,11
夾腳,11
个案,11
开绿灯,11
穿略,11
油光,11
饭,11
走眼,11
好帅,11
地型,11
兵乓鞋,11
胡乱,11
脖,11
标错,11
废品,11
图层,11
下场,11
能装,11
少长,11
双号,11
附言,11
行程,11
答案,11
合缝,11
部门,11
好你个,11
可将,11
字眼,11
代步,11
码错,11
地滩,11
出胶,11
委,11
后套,11
轮廓,11
员把货,11
钉鞋,11
酒师,11
图图,11
刷鞋,11
流水作业,11
亲身经验,11
黄边,11
弹片,11
喽,11
石子,11
绿军,11
标志点,11
方心,11
乱套,11
不娘,11
人心,11
理理,11
适应性,11
荒郊,11
不费油,11
纤维,11
拟话本,11
猪皮,11
落尘,11
板式,11
专属,11
单点,11
大路货,11
女兒,11
耐驼,11
芽,11
距鞋,11
霉味,11
本款,11
时别,11
渣,11
洗衣粉,11
疑点,11
质量标准,11
时压,11
纪念版,11
黑炮,11
雾色,11
魔兽,11
喇,11
徒步旅行,11
创口,11
结帐,11
客户服务,11
小脏,12
修士,12
有包,12
大理石,12
节,12
装装,12
齿,12
红肿,12
太单,12
洗手间,12
沙皮,12
内标,12
全革,12
银座,12
法式,12
開膠,12
指指点点,12
脚肥点,12
面易脏,12
里衬,12
战胜,12
途径,12
内斜,12
纸垫,12
强势,12
强光,12
反扒,12
美版,12
产品包装,12
降價,12
教教,12
衬托,12
实地,12
脚细,12
底脏,12
情节,12
爆棚,12
军训,12
轮船,12
受脏,12
差错,12
出口货,12
奖,12
亮片,12
直,12
脏水,12
正值,12
合肥,12
信用卡,12
合胶,12
布制,12
批发市场,12
招灰,12
买者,12
硬點,12
黑金,12
委员会,12
同牌,12
投诉无门,12
主场,12
美式,12
太点,12
大戏,12
平站,12
中午饭,12
警戒色,12
同伴,12
标价签,12
沟,12
夫人,12
时说,12
血汗,12
遗失,12
胶处,12
头尖,12
奇差,12
名品,12
外线,12
不太,12
题外话,12
纸皮,12
狗屎,12
寡,12
主打,12
猪猪,12
观念,12
面色,12
地价,12
含胶量,12
帮面,12
淘汰率,12
价美物,12
签名版,12
轻便型,12
亲亲,12
象征意义,12
世人,12
认知度,12
直平,12
锅,12
脚微肥,12
女神,12
脚干,12
黑旋风,12
货跟,12
白底黑字,12
笔记本电脑,12
能差,12
蛋痛,12
宽式,12
胶感,12
事故,12
学子,12
混点,12
太毛,12
保证书,12
篮球馆,12
皮带,12
上柜,12
处女,12
腳踝,12
过眼,12
尿性,12
会议,12
砂石路,12
折旧费,12
脏污,12
附着力,12
問題,12
底垫,12
行将,12
地位,12
开团,12
低头,12
染色剂,12
认真思考,12
积灰,12
粘土,12
特想,12
星雨,12
新式,12
訂單,12
特技,12
款女,12
剑,12
比划,12
叫板,12
所在城市,12
平面,12
时时,12
几率,12
耳闻,12
刚团,12
红蜻蜓,12
物,12
台式,12
禁字,12
穿线,12
有臟,12
电瓶车,12
霉点,12
饭店,12
抓地,12
橄榄,12
体育用品,12
苦事,12
风能,12
指甲,12
宠物,12
货架,12
购物袋,12
宏星,12
过瘾,12
海绵垫,12
大额,12
暗纹,12
易脏,12
国威,12
深层,12
能有货,12
梃白,12
扣带,12
妹夫,12
终极,12
半成品,12
有质,12
航空母舰,12
老妹,12
符合实际,12
情仇,12
幅面,12
新生,12
参观,12
案例,12
一番滋味,12
代沟,12
业务量,12
王者,12
友邦,12
帮子,12
東西,12
衬里,12
不号,12
帮弟,12
能贴,12
辅料,12
货给力,12
宝靴,12
白花钱,12
趾甲,12
详图,12
切点,12
货咯,12
百年老,12
瘾,12
底纹,12
卡车,12
影人,12
员太,12
涂鸦,12
价入,12
出货单,12
锁边,12
法人股,12
销货,12
潮品,12
手下留情,12
买子,12
街道,12
老版,12
涛声,12
吊卡,12
铁杆,12
格格,12
步枪,12
腔调,12
两码事,12
要货,12
清灰,12
影子,12
錯号,12
性差,12
标贴,12
长远利益,12
位会员,12
顶线,12
威,12
藕片,12
脸型,12
中學,12
耐水,13
机制,13
小胶,13
一楼,13
橡胶厂,13
中裤,13
纸壳,13
纸头,13
拿分,13
太坏,13
藏蓝色,13
男休鞋,13
杂样,13
仓管,13
顶角,13
精益求精,13
纸包,13
湿巾,13
路况,13
吱吱声,13
足额,13
全胶,13
谎称,13
先验,13
鞋额,13
大圆,13
大品,13
大喜,13
后用,13
脚盘,13
能,13
办公用品,13
热台,13
格脚,13
坏口,13
布袋,13
楼主,13
弄潮儿,13
太火,13
用吧,13
弓,13
伤心地,13
刀刃,13
最值,13
塑料绳,13
卖店,13
折价,13
染上,13
立贴,13
钟表,13
买菜,13
如题,13
降点,13
买胶,13
写子,13
伪,13
质,13
花店,13
物体,13
姨太太,13
一码事,13
表里,13
专长,13
零园,13
分公司,13
个袋,13
针脚,13
平易近人,13
热田,13
通用版,13
部份,13
交易过程,13
蒽,13
贷,13
条绒,13
蓝底,13
艺术照,13
代价,13
邻居家,13
比差,13
会皱,13
成型,13
行径,13
装上,13
超人,13
赛场,13
时才,13
摆轮,13
本市,13
高乐,13
便民,13
画,13
坦白说,13
串串,13
兴趣,13
绿点,13
袜,13
大学毕业,13
法规,13
逻辑,13
染红,13
钢笔字,13
趟水,13
不太能,13
刷卡机,13
关心,13
需谨慎,13
外貌,13
条款,13
钢用,13
鞋字,13
行价,13
透明胶,13
海外版,13
码白,13
鞋味,13
年货,13
用品店,13
著名品牌,13
衬衣,13
真貨,13
网银,13
依赖症,13
条带,13
买书,13
念头,13
首饰,13
质亮,13
东,13
经仿,13
长距离,13
理性,13
总觉,13
屯货,13
胶面,13
毛线,13
笔画,13
皱折,13
年少时,13
个孔,13
清水,13
土黄,13
钢丝,13
价惠给力,13
身,13
托鞋,13
旧鞋,13
复原,13
筒裤,13
码将,13
烤肉,13
新鲜感,13
木屐,13
特给力,13
统统,13
日用品,13
好码,13
单网,13
思路,13
藏品,13
光是,13
澡,13
出厂价,13
孩子气,13
套鞋,14
枯,14
魅力十足,14
姨,14
积压产品,14
官店,14
算啦,14
啤酒肚,14
胶工差,14
密度,14
鞋能,14
瞎说,14
平面图,14
推荐人,14
父亲节,14
星儿,14
机工,14
反绒,14
财务,14
电影厅,14
学是,14
空洞,14
舅舅,14
老奶奶,14
媒体,14
点力,14
闲置,14
胃口,14
胶工,14
百度,14
开票,14
不酸,14
灌水,14
不合标准,14
偏,14
手表,14
暴雨,14
杏仁,14
法律法规,14
集团,14
寒酸,14
刀子,14
太经,14
香粉,14
类似物,14
维权,14
科林,14
样字,14
坐电梯,14
款形,14
股东,14
网细,14
样形,14
茬口,14
协商,14
电量,14
垫,14
产品描述,14
跳绳,14
作料,14
曲线救国,14
貨服務,14
兵乓,14
图腾,14
关节,14
感言,14
卷会,14
型状,14
双灰,14
买面子,14
丫丫,14
红军,14
作,14
有料,14
瓶,14
场所,14
凹凸,14
眼色,14
十字绣,14
比务,14
全力支持,14
扣件,14
码挂,14
保质保量,14
耐久性,14
精工,14
狗,14
几块钱,14
头顶,14
等候,14
细部,14
抗脏,14
上胶,14
箩底,14
和面,14
邮寄费,14
小学,14
规划,14
柑橘,14
人理,14
大学生,14
平常心,14
定货,14
团入,14
数据线,14
桥,14
神经病,14
皮色,14
鹅毛,14
后腰,14
怨言,14
红火,14
票,14
杀菌,14
春游,14
电风扇,14
命运,14
待验,14
鞋板,14
工业,14
反绒皮,14
薄底,14
折扣价,14
厅长,14
蛇皮,14
优等品,14
货嘛,14
资源,14
鳄鱼,14
百论,14
比校,14
旧版,14
原料,14
特價,14
时入,14
字样,14
夫,14
吸土,14
晨,14
展品,14
精准,15
萝卜,15
百纶,15
负数,15
真坑,15
棉里,15
塑料布,15
错货,15
前台,15
粘锅,15
猪蹄,15
急需,15
吸灰,15
快干,15
内置,15
天堂,15
优惠卷,15
黄点,15
试样,15
皮皮,15
棉胆,15
榨,15
发胶,15
大坑,15
纹理,15
折纹,15
合腳,15
全身,15
地震,15
名厂,15
天款,15
审美观,15
百姓,15
声誉,15
沙地,15
摩擦系数,15
开箱,15
图书,15
飞分,15
用券,15
物流业,15
亲民价,15
货鞋,15
双高,15
蛮潮,15
纯平,15
涨回去,15
购物网,15
探路者,15
闪闪发光,15
密,15
情人节,15
反季,15
血统,15
街鞋,15
倍儿,15
水流,15
水汽,15
风扇,15
开发票,15
真滴,15
品求,15
球场上,15
太潮,15
湖人,15
厂商,15
橘色,15
来点,15
圣诞快乐,15
质料,15
滴滴,15
凉点,15
服装鞋帽,15
电话机,15
比假,15
主题,15
杆子,15
上学时,15
平装,15
铁,15
骗,15
上等品,15
嫌小,15
鞋周,15
符合标准,15
屯,15
鞋围,15
硬底,15
墙,15
清洁剂,15
鞋压,15
初学者,15
表码,15
晚辈,15
个号,15
好感,15
包容性,15
光线,15
内裤,15
方头,15
高品质,15
全码,15
证实,15
郊游,15
光照,15
脚肿,15
货号,15
小泡,15
滋味儿,15
运动量,15
胶质,15
鞋网,15
箭头,15
柔韧性,15
适应期,15
酵素,15
软件,15
潮潮,15
驼色,15
样鞋,15
土路,15
闪光,15
价平,15
差色,16
供货商,16
真叫人,16
疼痛感,16
好搭档,16
后松,16
药,16
界,16
楼道,16
蕨绿,16
实业,16
银元,16
冶金,16
胶痕,16
交换机,16
清晰度,16
漂白粉,16
鼻问,16
压伤,16
圆梦,16
作假,16
洋码子,16
球袜,16
发蓝,16
牧灰,16
大写,16
线路,16
水份,16
步伐,16
底蕴,16
歌,16
礼品包装,16
杂,16
产业,16
燃油,16
差额,16
样点,16
内皮,16
亮皮,16
天地,16
透氣,16
网址,16
叉,16
男同志,16
断梆,16
精点,16
烂车,16
踝部,16
股市,16
个鞋,16
附件,16
灌风,16
银牌,16
头发,16
元入,16
鹅黄色,16
名声,16
粽色,16
特卖场,16
政治,16
哥想,16
光棍,16
手软,16
心虚,16
利落,16
诟病,16
图谋,16
太懒,16
有戏,16
悲情,16
靓仔,16
会脏,16
樣饰,16
穿额,16
大白,16
包箱,16
块,16
内室,16
课,16
太松,16
魔鬼,16
银河,16
角裤,16
会试,16
两者,16
優勢,16
目标,16
女同学,16
期待值,16
圆头,16
有油,16
金边,16
板正,16
橡胶鞋,16
我验,16
酷男,16
毛,16
码买,16
新光,16
心水,16
笑话,16
不同点,16
人人,16
药水,16
葡叶,16
货的,16
U盘,16
比图,16
有點,16
樣板,16
看者,16
废票,16
鸡,16
炒股票,16
扣儿,16
局限,16
盒,16
白邊,16
太蛋,16
车,16
派件员,16
服务业,16
秀,16
收费,16
壳子,16
戈脚,16
鞋像,16
正野,16
泡泡,16
小幅,16
谎言,16
疤痕,16
买件,16
液晶,16
男金,16
幼,16
药传,16
典,16
报圆,16
砖头,16
国外品牌,16
經典款,16
员外,16
谱儿,16
爱国者,16
情绪,16
充电电池,16
評價,16
白纸,16
人币,16
编码,16
痕跡,16
霸王,16
磨毛,16
产品价格,16
价咯,16
代码,16
总题,16
面形,16
爱鞋,16
板岩,16
子弹箱,16
断胶,16
买地,16
闷骚,16
小磨,16
问号,16
污漬,16
双会,16
动力学,16
鼠标,16
典范,16
时团,16
胶臭,16
文艺,16
娘亲,16
杠脚,16
胶胶,16
耐沟,17
有划,17
亲恩,17
黄条,17
我弟,17
脚放,17
大件,17
劳动力,17
热帖,17
支撑物,17
胶涂,17
品,17
承担风险,17
区域,17
零售店,17
品论,17
老头儿,17
布质,17
讲价,17
基金,17
锁线,17
鞋托,17
支痴,17
品牌优势,17
礼,17
特质,17
地摊儿,17
阿土,17
沙子,17
棕黄色,17
乳胶,17
裤脚,17
速率,17
生痛,17
价保后,17
靴底,17
线缝,17
货的份,17
缝,17
重脚,17
盐田,17
物事,17
备注栏,17
集尚,17
进球,17
山地,17
有款,17
票据,17
疙瘩,17
实用型,17
衣着,17
灵气,17
黑价,17
孑,17
热议,17
反应速度,17
天赋,17
热衷,17
声明,17
有额,17
半圆,17
性比,17
评个,17
游戏,17
小包,17
小口,17
火炉,17
块入,17
海面,17
难题,17
终归是,17
穿拔,17
前尖,17
质理,17
脚篇肥,17
鞋城,17
音信,17
个泡,17
意图,17
条形,17
皮肤,17
单易,17
会儿,17
火红色,17
缝处,17
直观,17
污痕,17
妈呀,17
草坪,17
二码,17
个子,17
凭证,17
乡镇,17
倾心,17
挖空,17
硬拉点,17
空盒子,17
贱货,17
力给力,17
胶贴,17
地窄,17
保质,17
粘毛,17
钟情,17
灰灰,17
款项,17
中码,17
空调,17
根脚,17
鞋用,17
字标,17
有所区别,17
太易脏,17
刷胶,17
试脚,17
地球,17
发毛,17
规矩,17
太光,18
极具,18
品味,18
公里跑,18
精心,18
标磨,18
购者,18
实图,18
烂,18
点子,18
诱惑力,18
好闻,18
罚款,18
黄黄的,18
神气,18
宅急送,18
猴牌,18
豆,18
网洞,18
碼數,18
投递员,18
姑娘,18
强盗,18
费时,18
深红色,18
出场,18
信誉度,18
外款,18
浅蓝色,18
打了个,18
尺量,18
伙计,18
褐色,18
消息,18
教差,18
价美,18
我情,18
备点,18
备胎,18
义务,18
边儿,18
缝缝,18
软垫,18
不合格品,18
证券市场,18
物业,18
心思,18
交叉,18
豆腐干,18
海算,18
员,18
好友,18
拍照片,18
原件,18
房,18
噪音,18
经理,18
粘缝,18
支持力,18
俗气,18
地感,18
黄色网,18
寿命长,18
工人,18
鞋感,18
淡色,18
基础知识,18
空军一号,18
长期保持,18
过会儿,18
贵贱,18
公,18
选项,18
后鞋,18
号数,18
特工,18
主,18
想了个,18
小表弟,18
刺毛,18
顶级,18
票价,18
水擦,18
男人帮,18
亮面,18
中灰,18
尺子,18
币,18
结合部,18
外套,19
商量,19
卫衣,19
垫脚,19
单货,19
直板,19
小拇指,19
非标,19
领导人,19
踢踢,19
上场,19
理论,19
所在地,19
小妹,19
实事求是,19
胸闷,19
皮筋,19
美意,19
土包子,19
佳作,19
太牢,19
工司,19
机械公敌,19
眼观,19
误会,19
里子,19
滴血,19
零分,19
圣诞礼物,19
轮胎,19
钢铁,19
点睛,19
祖国,19
程,19
次数,19
货说,19
字值,19
鞋会,19
走样,19
爱面子,19
本土,19
整,19
穿惯,19
栏内,19
估量,19
火炬,19
会松,19
形向,19
纸袋,19
制品,19
刀划,19
平脚,19
码价,19
订的,19
气性,19
亮金,19
国旗,19
时效性,19
抓住机会,19
珊瑚,19
洋码,19
顽疾,19
新手,19
面儿,19
箱底,19
同鞋,19
人品,19
水冲,20
黏胶,20
同感,20
老话,20
滋润,20
漏胶,20
瘦,20
命,20
底色,20
老鼠屎,20
实力,20
节约,20
细,20
毛边,20
进口产品,20
浅黄色,20
助力,20
区分,20
趋势,20
军鞋,20
粉末,20
子,20
五字,20
物價,20
吹风机,20
思,20
女装,20
纸片,20
皮为,20
太簿,20
网查,20
特惠价,20
胶体,20
脚小,20
声,20
绉,20
忠告,20
网上支付,20
曲线,20
金典,20
运货,20
回弹性,20
雪地,20
花儿,20
商务,20
错位,20
供应商,20
丑死,20
交接处,20
实质,20
碎花,20
前夫,20
妈约,20
银白色,20
大黄蜂,20
浴室,20
老师,20
鞋品,20
费鞋,20
皱,20
供货,20
嘴巴,20
浮点,20
办事效率,20
梆用,20
技法,20
裂,20
钉钮,20
项目,20
货发,20
玩,20
鞋掌,20
人带,20
冷风,20
绑带,20
神色,20
夜,20
人字,20
旧点,20
人员素质,20
孬,20
优良传统,20
设计部,20
入货,20
酒店,20
同类产品,20
衣,20
人选,20
销售额,20
灰绿色,20
办,20
皱褶,21
脚样,21
策略,21
夜市,21
邮件,21
我心,21
艳色,21
粘鞋,21
花束,21
断线,21
信念,21
钉线,21
西裤,21
变态,21
太护气,21
提点,21
暗红色,21
少时,21
變型,21
败家,21
体,21
實際,21
居家,21
棉花,21
黑白相间,21
标清,21
脚皮,21
黑鞋,21
八楼,21
软面,21
工作效率,21
踝骨,21
要号,21
主意,21
知情权,21
强点,21
公交线路,21
真速度,21
远距离,21
稳定性,21
东卷,21
车台,21
概念,21
核,21
枣红色,21
地级市,21
脚包,21
号准,21
粘带,21
韵动,21
护气,21
织网,21
類型,21
语言,21
布袋子,21
净胜,21
普通人,21
可验证,21
买板,21
打蓝球,21
全家,21
时易,21
码性,21
时效,21
品牌价值,21
粗线,21
鞋小,21
老哥,21
中差,21
硬块,21
货正,21
鞋堑,21
所有人,21
惯病,21
舞常,21
不潮,21
创,21
屁,21
泡水,21
画龙点睛,21
羽球,21
孩提,21
学车,21
窝火,21
红灰,21
笔,21
妈咪,21
裤筒,21
动手,21
试鞋,21
收,21
防潮,21
气派,21
钢印,21
情愿,21
机,21
权力,21
厚,21
零钱,21
钱包,21
实用性,21
边边角角,21
框威,21
印,21
个例,21
赠鞋,22
票子,22
秒,22
狼,22
地形,22
雪,22
闷气,22
笑,22
边线,22
置地,22
锈迹,22
绣花鞋,22
选码,22
恶梦,22
准点,22
发贷,22
地铁,22
穿的,22
男人味,22
字迹,22
瑜伽,22
底贴,22
系,22
目的,22
白斑,22
手续费,22
指数,22
有缘,22
有线,22
写字,22
收的,22
效果图,22
机打,22
龙牌,22
一弹,22
羽毛球馆,22
脚头,22
委托,22
提出申请,22
清风,22
佳品,22
费点,22
汗渍,22
功效,22
中举,22
豹纹,22
价惠,22
价想,22
条缝,22
压马路,22
手指头,22
全场,22
计量,22
实货,22
梦想,22
账号,22
真给力,22
人为,22
二等品,22
局部,22
动动,22
区间,22
硬币,22
百货店,22
脚费,22
一口价,22
硬板,22
口,22
时侯,22
立体,22
瑕,22
转型,22
来家,22
价买,22
后邦,22
劣势,22
羽绒服,22
老朋友,22
火场,22
代签,22
谋面,22
嫂子,22
状况,22
宽款,23
挂板,23
太硬象,23
元素,23
酱油,23
前,23
选材,23
大乐,23
定律,23
行行,23
环,23
交货,23
福音,23
松点,23
珍品,23
顺带,23
腿脚,23
码比,23
青年人,23
横纹,23
参数,23
汇,23
股子,23
产板,23
狗屁,23
干净利索,23
口号,23
问能,23
号召力,23
信服,23
系法,23
世,23
回头率,23
折子,23
伤人,23
变天,23
脚寸,23
眼瞎,23
码长,23
田径,23
朔料,23
三思,23
码选,23
价才,23
条码,23
特性,23
所幸,23
手段,23
脸皮,23
常值,23
基本相同,23
路费,23
中心,23
格价,23
年老,23
超帅,23
触感,23
重温,23
小乐,23
硬帮帮,23
鞋包,23
旧,23
过份,23
合码,23
猫食,23
处理结果,23
玫红,23
边角,23
单才,23
墨迹,23
守候,23
注目,23
化妆品,23
体系,23
货员,23
脚能,23
纠纷,23
条件,23
鞋纸,23
责任,23
性價,23
啥意思,23
时光,23
虎牌,23
总部,23
省料,24
遭遇,24
绳子,24
事儿,24
备件,24
选料,24
伤痕,24
原产地,24
全额,24
亮,24
先选码,24
老货,24
面是,24
绛色,24
盒内,24
公鸡,24
前脸,24
壳,24
鞋頭,24
量度,24
信用度,24
反皮,24
处线,24
选的,24
响声,24
化学,24
必备品,24
晚点,24
装鞋,24
绝迹,24
护踝,24
阴影,24
效应,24
标号,24
墨,24
酸,24
贷和网,24
性质,24
凸点,24
竞然长,24
火速,24
脑,24
双袜,24
看点,24
革质,24
超值价,24
市区,24
溶剂,24
原图,24
风险,24
运动员,24
鞋略,24
害人,24
尖点,24
保护性,24
原则,24
冤大头,24
过会,24
团滴,24
肥点,24
年龄段,24
亮色,24
软尺,24
办事,24
符合要求,24
赤脚,24
报,24
合法,24
底料,24
干燥度,24
下结论,24
鞋架,24
操场,25
世界名牌,25
符合人体,25
科技含量,25
脚本,25
长,25
非标准,25
老头子,25
公主,25
事件,25
预料,25
语气,25
色弱,25
偏肥,25
真理,25
点样,25
鞋粉,25
时能,25
呆板,25
后会,25
風險,25
能干,25
外国货,25
几经周折,25
律动,25
现行,25
尖部,25
楼梯,25
观众,25
农活,25
路感,25
保证质量,25
冒险,25
读书,25
收藏品,25
流线,25
比团,25
风采,25
会计法,25
底层,25
申格,25
比乐,25
气候,25
压仓货,25
大雪,25
小坑,25
旋律,25
语音,25
残,25
单帖,25
返券,25
姐夫,25
糙点,25
双垫,25
購物,25
鞋服,25
变脏,25
成绩,25
冤枉钱,25
布板,25
脚肥者,25
人妖,25
纸盒子,25
物质,25
鸟,25
价嘛,25
特值,25
鞋皮,25
分数,25
报价,25
军用,25
少爷,26
普遍现象,26
脚款,26
功力,26
网子,26
高邦,26
工薪阶层,26
派件,26
身轻如燕,26
傳統,26
沙漠,26
不太会,26
针织,26
血泡,26
荧光,26
码表,26
缝上,26
男子篮球,26
脏脏,26
太空,26
顺服,26
价量,26
结合处,26
铭牌,26
夏款,26
压箱底,26
瞎子,26
体型,26
心拔,26
木板,26
房价,26
干净利落,26
使用者,26
卷,26
市价,26
鞋孔,26
凉拔,26
服务满意,26
朋友家,26
解决问题,26
梆,26
太肥,26
泥土,26
暗色,26
脚蹬,26
油漆,26
深棕色,26
中段,26
感太,26
山路,26
销量,26
余额,26
人性,26
脑子,26
过头,26
磨花,26
漫长,26
买友,26
硬纸,26
外壳,27
群众,27
机器,27
科学,27
形,27
大体,27
迹象,27
水会,27
刮痕,27
强东,27
收件,27
泡,27
尾部,27
散散步,27
缺點,27
磨平,27
钢,27
靓鞋,27
练球,27
数量,27
白袜子,27
条纹,27
附加值,27
新动,27
鞋油,27
赃,27
至极,27
水鞋,27
好事,27
盐,27
老化,27
大钞,27
胖点,27
旗下,27
理念,27
码略,27
裤,27
哥们儿,27
小指,27
刺绣,27
逊色,27
奇迹,27
专场,27
体育运动,27
黑灰,27
鸭舌,27
影帝,27
仿货,28
小船,28
外底,28
松下,28
暗橙,28
黑胶,28
真差,28
胶条,28
筒子,28
下鞋,28
惨点,28
價錢,28
滑,28
滑板,28
太水,28
水晶,28
太滑,28
缓震,28
疼痛,28
陪伴,28
替人,28
膈,28
档子,28
季度,28
地区,28
公公,28
全价,28
表格,28
出远门,28
后来者,28
血,28
满值,28
鞋柜,28
必须品,28
工号,28
表哥,28
粘水,28
覆盖率,28
優點,28
码型,28
代理,28
漏灰,28
我姐,29
外婆,29
高脚,29
红鞋子,29
劳保鞋,29
防氧化,29
出点,29
覆盖面,29
全家人,29
果味,29
过山车,29
表,29
制鞋,29
网层,29
粘,29
细小,29
实店,29
来气,29
臭包,29
鱼,29
腹股沟,29
春,29
水渍,29
级货,29
钢钢,29
大童,29
果绿,29
大碍,29
内地,29
疾步,29
臭臭,29
时鞋,29
压舌,29
天气情况,29
着力,29
心想,29
动作,29
食物,29
底处,29
血虚,29
穿孔,29
冷,29
消臭,29
抗菌,29
牙,29
品行,29
电饭煲,29
核桃,29
木炭,29
传奇,29
面目,29
深,29
潮牌,29
不卡,29
鞋標,29
全程,29
岩石,29
流星雨,29
高温,29
关键在于,29
内饰,29
鞋算,29
老点,29
宽型,29
过分,29
村,29
靴身,29
磨痕,30
正价,30
名族,30
鞋钉,30
档,30
旅,30
储存,30
外缘,30
男滑,30
物值,30
印花,30
长会,30
进灰,30
大爷,30
脚太,30
小黑点,30
橘黄色,30
硅胶,30
无故,30
二手货,30
绒毛,30
拍拍网,30
茵宝,30
草绿色,30
外行,30
批货,30
最新款,30
偏点,30
雷人,30
奶奶,30
碎钉,30
脏痕,30
商,30
雨雪,30
权利,30
木地板,30
知名度,30
扫货,30
社会,30
地点,30
专家,30
男袜,30
讲价钱,30
军绿色,30
球星,30
贴胶,30
硬胶,31
错觉,31
后果,31
响,31
真让人,31
茶,31
无人,31
太牛,31
钉子,31
无缝,31
业务,31
文字,31
视觉效果,31
专,31
东券,31
做广告,31
话费,31
缺码,31
斑点,31
人才,31
公平,31
火烧,31
民,31
鸡肋,31
高,31
人会,31
发灰,31
空气流通,31
样色,31
运功,31
汽车,31
论坛,31
火,31
走线,31
黑线,31
品牌效应,31
长长,31
前段,31
洋品牌,32
屏幕,32
卖相,32
电子商务,32
卖空,32
拼音,32
生产厂家,32
咖色,32
头子,32
蓝灰色,32
贵在,32
可能性,32
正派,32
外感,32
太气,32
大法师,32
年款,32
手慢,32
特棒,32
数,32
时机,32
保修期,32
货款,32
次货,32
姐妹,32
破皮,32
织带,32
不土,32
穿会,32
内包装,32
空隙,32
历史,32
标准号码,32
垃,32
帖子,32
内长,32
内销,32
偶像,32
资料,32
宿舍,32
原装货,33
鞋质,33
扁平,33
雨水,33
泡妞,33
订单号,33
物有所,33
蜘蛛侠,33
劣迹,33
旅客,33
口袋,33
正统,33
欧洲人,33
特,33
痕,33
涂层,33
假鞋,33
自带,33
内底,33
皇宫,33
内垫,33
脚垫,33
良品,33
厚重感,33
格式,33
根本就是,33
價,33
网店,33
发送量,33
乳白色,33
心爱,33
护理,33
好事儿,33
偏码,33
剪裁,33
人体,33
用途,33
部错,33
油污,33
暖色,33
会差,33
勾,33
樣子,33
全星,33
门卫,33
仿皮,33
码刚,33
好花,34
魅力,34
花样,34
嫌贵,34
不值钱,34
用线,34
图标,34
粘贴,34
脚码,34
运动性,34
增高鞋,34
暖点,34
鞋重,34
洋货,34
能省,34
大平,34
价真,34
岁额,34
磨,34
漆,34
电话费,34
岁数,34
爱人,34
客队,34
幫姐,34
信懒,34
感脚,34
理,34
质量第一,34
脏点,34
快运,34
薄点,34
程序,34
所值,34
柔韧度,34
面条,34
装,34
幻蓝,34
地好,34
级别,34
结石,34
级力,34
合,34
历时,34
粉红色,34
绒皮,34
差差,34
浪费时间,34
割胶,34
双层,34
意料,34
阿訇,34
班,34
大器,34
耳机,34
儿科,35
指,35
光面,35
挎包,35
烂货,35
眼睛,35
服帖,35
优速,35
股味,35
叔叔,35
下雪天,35
人民,35
图示,35
利润,35
心愿,35
浅灰,35
床,35
块券,35
扣子,35
老子,35
大力,35
老百姓,35
都值,35
期望值,35
办公,35
时应,35
球感,35
价实,35
全棉,35
把好关,36
大热天,36
鞋表,36
卖点,36
钩,36
事实,36
正口,36
广场,36
细心,36
保质期,36
汇款,36
等待时间,36
套装,36
版式,36
体育馆,36
前段时间,36
包装纸,36
客观,36
设计师,36
场球,36
皮毛,36
挺棒,36
马,36
焦味,36
通透性,36
奸商,36
摊货,36
领跑者,36
官方网站,36
球友,36
畸形,36
时期,36
阳台,36
冬款,36
战斗机,36
桃红,36
额额,36
结,36
长裤,36
室友,36
浅,36
连鞋,36
类产品,36
流,36
偏向,36
合格品,36
室外运动,36
代,36
上官,37
臭,37
记号,37
全面,37
外场,37
实品,37
不适感,37
鸭梨,37
定价,37
针线,37
花点,37
凡客,37
头头,37
人说,37
棒极了,37
环节,37
太粗,37
缝纫,37
区,37
实物图,37
子货,37
體驗,37
太脏,37
西单,37
老实,37
老外,37
断面,37
质价,37
家伙,37
杠,37
時尚,37
顶顶顶,37
黄斑,38
大头,38
市,38
精,38
过货,38
噱头,38
元券,38
小伙子,38
两色,38
钢板,38
红包,38
半号,38
素,38
国,38
检查一下,38
鞋差,38
地步,38
入秋,38
蓝白色,38
西服,38
麻,38
实际效果,38
脏得,38
选择性,38
利器,38
皱皱,38
钓鱼,38
吱吱响,39
红鞋,39
儿童,39
大伙,39
异地,39
起水泡,39
热心,39
鼓包,39
残胶,39
内层,39
外光,39
水果,39
要价,39
毛刺,39
裙子,39
鞋店,39
尺碼,39
大白菜,39
车费,39
轻量,39
老爷,39
买单,39
银子,40
全部都是,40
蛮值,40
常规,40
法码,40
赝品,40
作风,40
通气孔,40
枪,40
灰白色,40
跌价,40
公交,40
门,40
心理准备,40
淡黄色,40
土黄色,40
单吧,40
动力,40
心目,40
大人物,40
家乡,40
怕水,41
冷点,41
大底,41
印迹,41
框架,41
工,41
怪味,41
化,41
客气,41
加点,41
抗震,41
布带,41
整體,41
有效率,41
洗衣机,41
来块,41
前掌,41
角,41
姥姥,41
码头,41
动物园,41
断货,41
鞋白,41
娘,41
顺脚,42
一体,42
衣物,42
降温,42
派上用场,42
床底,42
夹层,42
费用,42
总体值,42
性格,42
弊端,42
草地,42
百货,42
鞋碼,42
樣式,42
死板,42
绒,43
法律,43
水准,43
平价,43
实属,43
暴利,43
事物,43
上线,43
专门店,43
库存商品,43
外挂,43
同,43
彩色,43
硬地,43
垫底,43
纪念,43
店铺,43
地板砖,43
裂口,43
肉,43
说码,43
货价,43
东风,43
落地,43
运动服,44
质保卡,44
年度,44
名称,44
标称,44
灰长,44
保温,44
店子,44
兒子,44
钩子,44
纯属,44
网网,44
穿衣戴帽,44
运,44
力点,44
經典,44
污垢,44
结构,44
小家电,44
董事长,44
批量,44
收脚,44
人物,44
现场,44
环境,44
用胶,44
全功能,44
新标,44
老客户,45
皮会,45
编号,45
纸箱,45
身份,45
敬业,45
县城,45
用,45
小区,45
侄儿,45
油,45
中老年人,45
过球,45
底价,45
店面,45
小鞋子,45
膝盖,45
热点,45
顏色,45
定,45
日光,46
宽点,46
版本,46
走,46
阿,46
用心,46
时节,46
時間,46
当心,46
规定,46
垃圾堆,46
品質,46
姐,46
压,46
单的,46
表层,46
伤脚,46
碳,47
书,47
泥,47
原,47
外盒,47
不标,47
平民,47
同号,47
价是,47
傻眼,47
球场,47
服装类,47
短点,47
迷人,47
板形,47
光泽,47
丝袜,47
素服,48
奢求,48
刷子,48
季,48
大片,48
后卫,48
大公鸡,48
印子,48
积水,48
出厂日期,48
气息,48
积压品,48
货值,48
表妹,48
鞋脸,49
优惠价,49
优质服务,49
体贴,49
青春活力,49
耐用性,49
脱色,49
系紧,49
残次,49
白胶,49
意义,49
雨,49
小伙,49
T恤,49
老式,49
超低价,49
高跟鞋,49
范,49
短时间,49
成本,49
定单,50
体重,50
价比高,50
圆,50
生活用品,50
香气,50
有限公司,50
体育课,50
价额,50
成分,50
口味,50
红,50
深灰色,50
账户,50
新,50
泪,50
新意,50
板,50
潮鞋,51
高质,51
省略,51
内部空间,51
粉白色,51
上帝,51
纸板,51
政策,51
路边摊,51
利索,51
老爷子,51
单层,51
国产货,51
心痛,51
均码,51
落伍,51
边胶,51
码大,51
太土,52
机子,52
个人观点,52
大包,52
份货,52
邮局,52
换码,52
住,52
脚指头,52
双色,52
真家伙,52
立体感,52
配件,52
差太,52
革面,52
果香,52
全白,52
意愿,52
老人头,52
超纤,52
领导,52
不太值,53
成本价,53
品位,53
防雨,53
偶,53
银,53
出众,53
缝隙,53
评,53
外漏,53
大脚板,53
压痕,53
一线品牌,53
问问,53
尾,53
黑,53
游玩,53
眼球,53
故,53
凹痕,53
厚底,53
色,53
全网,53
防伪标志,53
尖头,53
恭维,53
股票,54
费事,54
强度,54
生产商,54
霸道,54
身体,54
邮,54
码的,54
尾单,54
时用,54
棉,54
小店,54
货单,54
小女孩,55
飞机,55
内线,55
弧度,55
鸡眼,55
省力,55
黄,55
验证码,55
闲,55
围观,55
外贸,55
包装袋,55
先生,55
亲身,55
道理,55
外层,56
售价,56
同码,56
链接,56
买货,56
床上,56
爸妈,56
全体人员,56
网络,56
封口,56
尘土,56
补货,56
橙,56
外觀,56
感情,56
合体,56
少,56
保险,56
地性,56
用材,57
褶,57
亮眼,57
定位,57
太细,57
花园,57
几脚,57
衣裤,57
使用寿命,57
公道合理,57
金额,57
错号,57
需注意,57
客人,57
进口货,57
街,57
粘灰,57
众人,57
物流配送,57
数字,57
记录,58
运动会,58
节省,58
促销价,58
路线,58
代工厂,58
库,58
橡皮筋,58
大叔,59
偏色,59
男孩,59
卖光,59
照,59
炭,59
鞋帽,59
潮人,59
对方,59
因素,59
鲜,59
代表,60
中规,60
草,60
关门,60
深蓝色,60
点货,60
人群,60
词,60
比较严重,60
爱好者,60
礼品,60
前提,60
粉丝,61
强力,61
头皮,61
仔细检查,61
房间,61
看吧,61
名气,61
品特,61
總體,61
女性化,61
草皮,61
码才,61
贼,61
胖人,61
库房,61
模样,61
自提,62
零售价,62
鞋胶,62
褶子,62
用力,62
玩吧,62
边,62
不板,62
价签,62
紫,62
方向,62
电器,62
起皱,62
作工,63
同类,63
索性,63
土气,63
基础,63
水泥,63
闺女,63
工鞋,63
鞋楦,63
气愤,63
气温,63
感官,63
活性炭,64
竞争力,64
网民,64
来货,64
中学生,64
校园,64
回老家,64
开线,64
份上,64
总,64
鞋厂,64
老板,64
爷爷,64
门店,64
平底鞋,64
箱子,64
小脚,65
体面,65
商品价格,65
防震,65
低质量,65
品相,65
印记,65
亏本,65
手提袋,65
货运,65
棒棒,65
误差,65
骑车,65
质量关,65
号型,65
抄底,65
差价,65
视觉,65
面皮,65
省时省力,65
男性,65
皱纹,65
有力,66
情,66
本命年,66
皇家,66
考虑一下,66
人造皮,66
清产,66
自豪,66
女人,66
中年人,66
学,67
韧性,67
费力,67
卖家,67
订,67
欧版,67
时会,67
网购鞋,67
拇指,67
漆皮,68
污迹,68
精典,68
侄女,68
核算,68
面积,68
生胶,68
老娘,68
味重,68
运动裤,68
鞋类,68
账,68
時候,68
雨鞋,68
苗条,69
拉链,69
外皮,69
青灰色,69
国家,69
形式,69
水泥地,69
起球,69
业余,70
过长,70
码是,70
污点,70
鞋样,70
小舅子,70
全都,71
开学,71
大人,71
玩玩,71
着色,71
丈母娘,71
排气,71
太浅,71
重,71
半价,71
优惠价格,71
根部,71
能耐,71
小气,71
污渍,71
皮料,72
层皮,72
疼,72
现价,72
走形,72
少见,72
鞋边,73
市面,73
前脚,73
块值,73
号略,73
丫,73
百,74
外地,74
产的,74
劣质,74
保价,74
脚形,74
运动型,74
丑点,74
角度,74
差评,75
人民币,75
瘦款,75
经典之作,75
瓷砖,75
备货,75
斜面,75
起毛,75
人们,75
核实,75
宽者,75
高点,75
货都,76
配货,76
大面积,76
护脚,76
女性,76
心态,76
棕,76
方法,76
鞋扣,76
员工,77
成色,77
杠杠,77
底货,77
结识,77
鞋值,77
前卫,77
全国,77
包边,77
N年,77
变色,77
色调,77
心动,77
纸团,78
气质,78
大哥,78
大学,78
中锋,78
金黄色,78
年龄,78
脚太肥,78
气死,78
花钱,78
户外活动,79
旧货,79
技术含量,79
真鞋,79
损失,79
风暴,79
范儿,80
消失,80
处理品,80
神,80
部,80
国人,80
宝,80
自行车,80
脱皮,80
亲们,81
胶印,81
脚心,81
败笔,81
靴,81
避震,81
人造,81
余地,81
形容,81
电子产品,81
缝制,81
长辈,81
夹角,81
深灰,82
鞋邦,82
地鞋,82
穿者,82
脚弓,82
低价位,82
服饰,82
个别,82
石头,82
篮球场,82
脚步,83
新货,83
会,83
脚底板,83
楼,83
要差,83
胖子,83
日子,84
样板,84
漏风,84
光棍节,84
小毛病,84
个码,84
出去玩,84
码会,84
说明书,84
沙,84
真,84
先,85
废话,85
薄,85
步行,85
货时,85
企业,85
寿命,85
面包,85
购鞋,86
形象,86
显示器,86
夹,86
比店,86
两用,86
风范,86
买点,86
市面上,86
休闲裤,86
酒,87
双脚,87
太长,87
大雨,87
老头,87
竹碳,87
工地,87
码太,87
玩意,88
名牌货,88
清货,88
密码,88
绿,88
裂痕,88
心理作用,88
超棒,88
妹,88
貨,88
离谱,89
代言,89
信心,89
单鞋,89
电,89
场合,89
页面,89
鞋标,89
规范,90
购买者,90
晨练,90
附带,90
底子薄,90
人生,90
渠道,90
字数,90
肥脚,91
骗人,91
脚脖子,91
鞋业,91
难闻,91
月产,91
太假,92
山,92
外甥女,92
衬,92
老丈人,92
洞洞,92
对象,92
极差,92
脱线,92
脏,92
纹路,92
人工,92
传统,92
平台,93
清仓价,93
太短,93
经脏,93
缝合处,93
地砖,93
海,93
运动感,94
蛋,94
压力,94
效率高,94
胶带,94
生气,94
后脚,94
星,94
功夫,95
份量,95
意,95
腳,95
老,95
便鞋,95
能力,95
前半部,95
有形,96
现金,96
元团,96
坑人,96
电子,96
指头,97
学校,97
禁脏,97
朝气,97
脚腕,97
亲戚,98
亮点,98
孔,98
新品,98
规格,98
纯白色,98
交易,98
网孔,99
花,99
农村,99
步,99
运动袜,99
人士,99
亲民,100
纸盒,100
刷卡,100
剧烈运动,100
中学,100
料,100
会员,100
大拇指,101
健身房,101
薄款,101
种类,102
能用,102
乐途,102
大量,102
货好,102
软底,102
题,102
骗子,103
评分,103
高度,103
偏黄,104
穷人,104
走远路,104
极品,105
布面,105
养脚,105
优缺点,105
典型,105
手指,105
高质量,105
软点,106
距离,107
表弟,107
官,107
棉鞋,108
长点,108
品种,108
素质,108
穿小鞋,109
左鞋,109
耐磨性,109
活,109
劲,110
格,110
感覺,110
现实,110
柜台,110
系带,110
总结,111
城,111
男孩子,111
标码,112
幅度,112
排球,112
信耐,112
标识,112
冻脚,113
鞋长,113
咖啡,113
鞋体,113
硬度,113
摩擦力,113
硬点,113
真值,114
上品,114
贵点,114
眼光,114
试一下,114
小朋友,114
魔术,114
织物,114
货源,114
垫子,114
小弟,114
地址,114
货太,114
好点,114
女孩,114
民工,115
快递费,115
服务到位,115
花色,115
锻炼身体,116
金牌,116
金色,116
原厂,116
大鞋,116
水货,116
杯具,116
葵粉,116
字母,116
取件,117
眼,117
太次,117
路面,117
心仪,117
格子,117
粉,118
棉袜,118
太丑,118
腰,118
换回来,118
软,120
蜗牛,120
事情,120
欧码,120
米色,120
优惠券,121
金属,121
相间,121
换季,121
浅色,121
價廉,121
表皮,121
小鞋,122
产生,122
合格证,122
问,122
白鞋,122
贵,122
地道,123
小孔,123
休闲型,123
鞋塞,123
对照表,124
光脚,124
信价,125
干嘛,125
水泡,125
真棒,125
专买店,125
行,125
父母,126
男女,126
科技,126
价高,126
橙色,126
内衬,126
全黑,127
装饰,127
元值,127
晒单,127
手机,127
缝线,128
全皮,128
太太,129
广告,129
相片,129
知名品牌,129
动感,129
太尖,130
瘦点,130
办公室,130
外观设计,130
短信,130
货色,130
填充物,131
厂,131
色泽,131
人性化,131
右鞋,131
脸,132
印象,133
卖场,133
省事,134
外,134
好长时间,134
翻毛,134
合格,134
太差,135
市场价,135
内容,135
底板,135
价保,137
胖脚,137
塑料袋,137
脚趾头,138
我会,139
大脚,139
理由,139
染色,140
出品,141
心,141
吸引力,141
正码,141
磨砂,142
全,142
破鞋,143
板脚,143
老牌,143
开口,144
名字,144
大陆,144
质量部,145
同价位,145
裂缝,145
踢足球,145
低点,145
错码,145
胖,146
通病,146
脚气,147
错误,147
战靴,147
仓库,147
口子,147
女孩子,148
限时,148
头层,148
保暖性,148
商品名称,148
腿,149
多长时间,149
重点,149
证明,149
线条,150
手工,150
有货,151
溢胶,151
银色,151
鞋口,151
方式,151
实,152
热情,153
厚点,153
皮实,154
心意,154
记忆,155
胶底,155
邮费,155
英码,155
老土,155
霸气,155
标准型,156
语,157
码鞋,157
力量,157
浮云,157
爸,158
花纹,159
刚试,159
婆婆,159
飞,160
男生,161
状态,161
不平,161
心理,162
方,162
月份,162
边缘,163
拿货,163
浪费,163
名牌产品,163
养眼,163
参考价值,164
水平,164
打网球,164
恶心,166
特地,166
空,167
压脚,167
旧款,167
脚丫,168
弟,168
哥们,169
底儿,169
电脑,170
通风,170
系统,170
国际品牌,170
传,170
上学,171
脚会,171
特色,172
官方,172
平,172
世界,173
传说,173
原创,173
款色,173
穿著,174
性价,174
最低价,175
标明,175
白边,175
外甥,177
深色,177
兄弟,178
处理速度,178
男人,178
工细,178
正点,179
懒人,179
都行,180
裂纹,181
鞋形,181
给力,182
装备,182
女生,182
专用,182
中意,182
分量,183
两码,183
高端,183
给我发,184
程度,184
味儿,185
积压,185
样,186
公分,188
臭味,188
老人家,188
热天,189
太烂,189
父亲,190
稀饭,190
大厂,192
秒杀,193
布,194
工作人员,194
压扁,195
平板,195
海绵,196
反季节,196
省心,197
男友,198
现货,198
出厂,198
漏水,201
时代,201
过,202
洋气,202
脚丫子,203
胶鞋,204
意思,204
条,205
弄脏,206
形状,207
靴子,208
过段时间,208
短裤,209
京券,209
咖啡色,209
尾货,210
范围,210
单位,210
声音,211
船,211
精神,212
货是,212
硫化,212
脚长,212
胶皮,214
大众,216
国际,216
残次品,216
工艺,217
厚度,217
潮流,217
底,219
毛皮,219
专门,221
伤心,221
亲人,222
经验,222
物价,222
体会,222
泡沫,222
杂牌,222
天热,223
工厂,223
小孩子,224
缺货,225
信誉,225
成,226
样品,227
儿,228
诱人,229
信息,229
力度,230
有所,230
优质,231
运气,231
仿品,231
总统,232
总算,232
质量上乘,232
类型,232
官网,234
邮政,235
同志,235
比价,235
经,235
服务质量,237
硬,237
室内运动,238
经历,238
图案,239
精品,240
防臭,240
弹力,241
鬼,242
全部,244
新潮,246
塑胶,247
点儿,248
通气,249
旅游鞋,249
卡,249
月黑风高,250
質量,250
民族,250
土,250
同款,252
办理,252
存货,253
粘胶,253
垫个,253
鞋尖,253
网鞋,253
省钱,253
鞋后跟,255
好歹,256
标,257
蛮,258
老弟,258
脚尖,259
流程,259
商家,261
代工,261
步鞋,262
纸,262
网状,263
地力,263
质量保证,264
码字,264
划痕,264
老年人,265
不合理,265
订货,269
价低,269
活力,271
头部,271
单调,273
地面,273
地板,273
网页,274
技术,274
断码,276
脚痛,276
网格,276
原本,277
特点,278
券,279
面子,279
出库,279
虎,280
市场,280
学生,282
单子,282
侄子,284
爱脏,284
标价,286
價格,290
洞,292
实体,292
板型,292
鞋轻,293
花哨,293
鞋身,294
酷,294
老气,296
码小,298
光,300
白,301
偏长,301
神马,301
折扣店,302
偏差,311
折痕,312
白菜,314
工作鞋,316
误导,318
球,319
天才,320
女士,320
商品质量,321
厚道,321
厂家,322
三叶草,327
客户,327
细长,327
神速,329
国产品牌,330
哥,331
标牌,336
意见,338
过程,338
顶脚,339
鞋鞋,339
妈,340
关系,340
心情,340
太,341
起码,341
空间,343
气垫,344
布料,345
假,347
小码,353
话,356
鞋款,358
内,361
网上商城,362
袋子,365
地,368
母亲,368
美码,372
买家,374
价格优势,376
白菜价,377
档次,377
原装,378
系鞋带,378
路,379
功能,379
小号,380
男足,380
型号,381
悲剧,382
木,383
地摊,383
汗脚,384
标的,386
姐姐,386
训鞋,390
胶味,394
牛筋,395
差劲,395
正牌,398
粉色,398
部位,403
爬山,406
大码,407
汗,409
象,413
香味,416
差,419
料子,426
效率,430
基本上,431
紫色,435
灰尘,435
轻质,435
大号,437
风,437
号,442
毛病,443
价值,444
速度慢,447
联系,448
便宜货,449
错,450
差异,453
用户,457
足球,457
舌头,464
脚板,467
气,468
比,470
性能,473
坑,474
鞋里,475
脚踝,475
好象,477
不错呀,477
标题,477
商标,478
无法,479
太重,479
鸿星,484
女板,484
人家,487
篮球,487
圆通,487
小心,488
码号,489
商店,490
小时候,491
女友,491
大点,493
标记,496
爹,497
线,500
地摊货,500
脚臭,501
褶皱,502
退换货,508
肥,510
价格低廉,510
外包装,511
个性,511
机会,513
重量,513
信,516
网布,518
硬道理,520
人造革,520
现象,521
网眼,522
网友,522
货后,525
产品质量,525
事,527
生产日期,531
回家,531
竹炭,531
女款,531
带子,533
正货,538
物品,539
踏板,541
打篮球,542
年轻人,546
私,546
棕色,547
消费者,547
牛,551
鞋跟,556
赠品,560
省,562
牌,563
礼物,564
脚跟,564
异味,573
风格,577
穿鞋,581
量,586
廉价,588
个人感觉,592
人员,594
皮面,596
次品,597
小孩,599
涨价,599
缘故,600
凉鞋,603
货品,605
额,607
理想,613
店,619
专业,620
黄色,621
真假,627
品牌鞋,634
潮,637
乒乓球,641
低端,654
绿色,660
男士,661
无货,665
体验,668
媳妇,678
色彩,678
手感,680
包装盒,685
面,686
家人,691
散步,694
皮革,712
一流,720
老款,721
信任,722
布鞋,727
情侣,730
妹妹,737
瘦长,743
公司,745
乒羽,753
帆布,755
脚趾,758
男朋友,763
标志,767
鞋舌,770
气味,775
标签,781
女,782
小巧,783
太值,787
水,796
牛仔裤,796
产地,799
网站,808
版,812
脚背,814
货物,815
优,821
踢球,821
灰色,825
小点,828
发票,832
脚底,836
头,850
库存,850
款型,868
办法,870
一码,875
线头,881
痕迹,885
质地,885
产,888
女鞋,895
价廉,898
公道,899
区别,905
情况,907
配色,910
电话,912
质感,916
小时,918
细节,929
宽度,936
女子,940
网购,943
表面,947
脚型,956
低价,960
男子,975
差点,978
原价,983
外表,1001
女朋友,1012
塑料,1018
皮子,1023
帅气,1026
球鞋,1029
收货,1032
牛皮,1033
网面,1048
气孔,1052
太白,1055
不值,1065
男鞋,1069
老人,1082
脚掌,1084
点点,1088
处,1102
味,1107
裤子,1122
男板,1131
习惯,1162
下雨天,1169
网,1175
脚后跟,1195
文化,1201
假货,1204
网球鞋,1206
造型,1215
图,1223
鞋帮,1229
部分,1249
老牌子,1257
爸爸,1261
秀气,1273
季节,1282
皮鞋,1286
垃圾,1289
半码,1290
同学,1297
太小,1313
服务态度,1314
式样,1317
版型,1332
脚肥,1334
臭脚,1340
单,1347
订单,1351
皮质,1357
差距,1361
真货,1362
蓝色,1386
网球场,1400
女儿,1400
边鞋,1400
性,1410
衣服,1467
国产,1469
优势,1474
售后,1489
小,1490
天,1491
帮别人,1491
新款,1493
原因,1512
色差,1541
真皮,1561
慢跑鞋,1563
方面,1565
橡胶,1574
网球,1579
天气,1583
胶,1591
大气,1616
灰,1625
变形,1636
女式,1650
左脚,1668
脱胶,1669
实体店,1681
手,1695
价格比,1701
新鞋,1720
盒子,1726
大牌,1730
滑板鞋,1736
评论,1756
篮球鞋,1758
价格公道,1769
大,1769
胶水,1783
右脚,1805
关键,1806
块钱,1813
鞋盒,1835
个人,1838
羽毛球,1874
店里,1877
红色,1900
态度,1901
专柜,1917
材料,1928
面料,1975
中性,2007
妈妈,2030
客服,2062
老妈,2062
不透气,2075
实际,2091
国货,2174
材质,2198
弹性,2210
男款,2233
买鞋,2237
基本,2251
用料,2252
字,2271
拖鞋,2316
舒适度,2351
热,2363
双鞋,2390
夹脚,2409
弟弟,2436
钱,2442
磨脚,2485
经济,2522
款,2564
孩子,2567
瑕疵,2579
皮,2613
码子,2628
名牌,2638
脚感,2652
价格低,2664
足球鞋,2713
好鞋,2714
行货,2730
鞋头,2748
尺寸,2826
一分钱,2887
吊牌,2892
效果,2892
标准,2905
真品,2923
袜子,2981
老爸,3061
开胶,3142
时,3241
地方,3263
味道,3307
儿子,3359
男式,3436
品质,3445
时间,3456
帆布鞋,3499
价格合理,3519
底子,3675
照片,3676
鞋型,3753
下单,3768
一分货,3838
回力,3860
大家,3917
结果,3930
板鞋,3984
鞋垫,4019
降价,4158
走路,4321
大方,4386
商场,4557
价位,4591
耐脏,4690
外形,4691
鞋号,4736
黑色,4787
实物,4853
购物,4861
物流,4898
商品,5147
产品,5163
整体,5231
双,5355
团,5433
白色,5439
信赖,5536
同事,5718
鞋面,5784
发货,5977
老婆,6228
想象,6296
评价,6353
码数,6384
价,6599
跑鞋,6702
时尚,6882
结实,6912
建议,7052
专卖店,7065
跑步,7841
鞋带,8217
透气性,8293
号码,8497
鞋码,9167
问题,9290
值,9652
运动鞋,10977
朋友,11036
男,11172
经典,11287
总体,11301
时候,11920
图片,12529
合脚,12583
很漂亮,13115
码,13733
优点,13766
特价,14009
货,14046
价钱,14166
牌子,14255
尺码,14732
力,14785
人,15386
样式,15744
外观,16625
透气,20544
速度,20562
样子,25013
品牌,25127
脚,26359
款式,26376
性价比,30568
鞋底,31532
价格便宜,32983
颜色,33745
感觉,53920
正品,64987
鞋,74010
有点,75371
价格,77128
质量,100883
鞋子,120587
缺点,477718
